Brand,Model,Interface,Form Factor,Capacities,Lowest Storage Capacity,Highest Storage Capacity,Controller,Configuration,DRAM,HMB,NAND Brand,NAND Type,Layers,Read (MB/s),Write (MB/s),Categories,Lowest Price,Highest Price,Number of Ratings,Rating,Disk Rating,Amazons Choice,Product Link
Acer,SA100,SATA/AHCI,2.5,120GB-1920GB,120GB,1920GB,Maxio MAS0902A,"Dual-core, 4-Ch, 8-CE/ch",No,N/A,Micron,TLC,176,560,500,Entry-Level SATA,22.99,87.99,1358,4.6,3571,No,https://amzn.to/3PYoE4k
Acer,FA100,x4 PCIe 3.0/NVMe,M.2,128GB-2TB,128GB,2TB,Innogrit IG5216,"Dual-core, 4x4",No,Yes,Micron,TLC,176,3300,2700,Entry-Level NVMe,24.99,90.99,559,4.5,12593,No,https://amzn.to/3EZjFtW
Acer,GM3500,x4 PCIe 3.0/NVMe,M.2,512GB-1TB,512GB,1TB,SMI SM2262EN,"Dual-core, 8-ch, 4-CE/ch",Yes,No,Micron,TLC,96+,3400,3000,Mid-Range NVMe,39.99,99.7,130,4.5,17456,No,https://amzn.to/3RFUlk0
Acer,GM7000 (Predator),x4 PCIe 4.0/NVMe,M.2,512GB-4TB,512GB,4TB,InnoGrit IG5236,"Quad-core, 8-ch",Yes,No,Micron,TLC,176,7400,6400,High-End NVMe,45,250,565,4.6,40122,No,https://amzn.to/3TaMDgP
Acer,RE100,SATA/AHCI,2.5,128GB-4TB,128GB,4TB,Maxio MAS0902A,"Dual-core, 4-Ch, 8-CE/ch",No,N/A,Micron,TLC,64,560,520,Entry-Level SATA,,,Unavailable,Unavailable,3342,Unavailable,Unavailable
ADATA,ATOM 50,x4 PCIe 4.0/NVMe,M.2,512GB-2TB,512GB,2TB,InnoGrit IG5220,"Tri-core R5, 4x8",No,Yes,Micron,TLC,176,5000,4500,Mid-Range NVMe,,,132,4.7,Unavailable,No,https://amzn.to/43gAHNH
ADATA,Falcon,x4 PCIe 3.0/NVMe,M.2,256GB-2TB,256GB,2TB,Realtek RTS5762DL,"Dual-core, 8-ch, 4-CE/ch",No,Yes,Micron,TLC,96,3100,1500,Entry-Level NVMe,45,49.99,3033,4.4,19064,No,https://amazon.com/dp/B0896WX1GK
ADATA,Legend 710,x4 PCIe 3.0/NVMe,M.2,256GB-1TB,256GB,1TB,Realtek RTS5766DL,4-Ch,No,Yes,Micron,TLC,96,2400,1800,Entry-Level NVMe,20.99,55.58,3033,4.4,17774,No,https://amazon.com/dp/B09YRY5MDC
ADATA,Legend 740,x4 PCIe 3.0/NVMe,M.2,250GB-1TB,250GB,1TB,Realtek RTS5766DL,4-Ch,No,Yes,Micron,TLC,96,2500,2000,Entry-Level NVMe,22.99,59.99,3033,4.4,21576,No,https://amazon.com/dp/B09J1RT71K
ADATA,Legend 750,x4 PCIe 3.0/NVMe,M.2,500GB-1TB,500GB,1TB,Maxio MAP1202,"Dual R5, 4x4",No,Yes,Micron,TLC,96,3500,3000,Entry-Level NVMe,69.7,75.99,3033,4.4,24184,No,https://amazon.com/dp/B09L5HBW2K
ADATA,Legend 800,x4 PCIe 4.0/NVMe,M.2,1TB-2TB,1TB,2TB,SMI SM2267XT,"Dual R5, 4x5",No,Yes,Micron,TLC,97,3500,2800,Mid-Range NVMe,26.99,81.99,1822,4.7,22613,Yes,https://amazon.com/dp/B0896WX1GK
ADATA,Legend 840,x4 PCIe 4.0/NVMe,M.2,512GB-1TB,512GB,1TB,InnoGrit IG5220,"Tri-core R5, 4x8",No,Yes,Micron,TLC,176,5000,4500,Mid-Range NVMe,34.99,79.69,3059,4.4,31108,No,https://amzn.to/44hX3Qv
ADATA,Legend 850,x4 PCIe 4.0/NVMe,M.2,512GB-2TB,512GB,2TB,SMI SM2269XT,"Dual-core R8, 4-ch",No,Yes,Micron,TLC,176,5000,4500,Mid-Range NVMe,54.44,110.79,23,4.7,28422,No,https://amzn.to/3DfcjRX
ADATA,Legend 850 Lite,x4 PCIe 4.0/NVMe,M.2,500GB-2TB,500GB,2TB,SMI SM2269XT,"Dual-core R8, 4-ch",No,Yes,Micron,TLC,176,5000,4200,Mid-Range NVMe,32.99,88.99,1816,4.7,30805,No,https://amzn.to/3nFNElq
ADATA,Legend 960/Max,x4 PCIe 4.0/NVMe,M.2,1TB-2TB,1TB,2TB,SMI SM2264,"QC (12nm R8), 8-ch, 8-CE/ch",Yes,No,Micron,TLC,176,7400,6800,High-End NVMe,,259.99,1816,4.7,44062,No,https://amzn.to/3yBp7zW
ADATA,Legend 970,x4 PCIe 5.0/NVMe,M.2,1TB-2TB,1TB,2TB,Phison E26,"Dual DC R5 + 3xCoX, 8-ch, 4-CE/ch",Yes,No,Micron,TLC,232,10000,10000,High-End NVMe,218.33,349.84,Unavailable,Unavailable,Unavailable,No,https://amazon.com/dp/B0CB71FSC6 
ADATA,Premium,x4 PCIe 4.0/NVMe,M.2,1TB-2TB,1TB,2TB,InnoGrit IG5236,"Quad-core, 8-ch",Yes,No,Micron,TLC,176,7400,6800,High-End NVMe,64.99,119.99,909,4.6,Unavailable,No,https://amzn.to/41Z9gst
ADATA,S20G,x4 PCIe 3.0/NVMe,M.2,500GB-1TB,500GB,1TB,Realtek RTS5763DL,"Dual-core, 4-ch, 8-CE/ch",No,Yes,Micron,TLC,176,2500,1800,Entry-Level NVMe,128,170,6034,4.6,17154,No,https://amazon.com/dp/B08RWL9SB5
ADATA,S40G,x4 PCIe 3.0/NVMe,M.2,256GB-4TB,256GB,4TB,Realtek RTS5762,"Dual-core, 8-ch, 4-CE/ch",Yes,No,Micron,TLC,64/96,3500,3000,Mid-Range NVMe,34.99,369,6034,4.6,23659,No,https://amazon.com/dp/B07SNNFD4N
ADATA,S50,x4 PCIe 4.0/NVMe,M.2,1TB-2TB,1TB,2TB,Phison E16,"Dual R5 + CoX, 8-ch, 4-CE/ch",Yes,No,Kioxia,TLC,96,5000,4400,Mid-Range NVMe,,,104,4.6,28761,No,https://amazon.com/dp/B07WH4DVWR
ADATA,S50 Lite,x4 PCIe 4.0/NVMe,M.2,1TB-2TB,1TB,2TB,SMI SM2267,"DC (28nm R5), 4-ch, 8-CE/ch",Yes,No,Micron,TLC,96,3900,3200,Mid-Range NVMe,163.53,300,8652,4.6,27238,No,https://amzn.to/3ZWpYac
ADATA,S70/S70 Blade,x4 PCIe 4.0/NVMe,M.2,1TB-2TB,1TB,2TB,Innogrit IG5236,"Quad-core, 8-ch",Yes,No,Micron,TLC,96,7400,6400,High-End NVMe,64.99,104.6,8652,4.6,43724,Yes,https://amzn.to/41V7EA5
ADATA,SU630/SU635,SATA/AHCI,2.5,240GB-960GB,240GB,960GB,Maxio MAS0902A,"Dual-core, 4-Ch, 8-CE/ch",No,N/A,Micron,QLC,64,520,450,Entry-Level SATA,29.99,,7413,4.7,3842,No,https://amazon.com/dp/B07PLNNDL2
ADATA,SU650/SU655,SATA/AHCI,2.5,60GB-960GB,60GB,960GB,SMI SM2258XT,"Single-core, 4-ch, 4-CE/ch",No,N/A,Micron,TLC,32/64,520,450,Entry-Level SATA,,190.72,767,4,4302,No,https://amzn.to/3RF6rtK
ADATA,SU750/SU760,SATA/AHCI,2.5,256GB-1TB,256GB,1TB,Realtek RTS5733DMQ,2-ch,No,N/A,Micron,TLC,64,550,520,Entry-Level SATA,,90,17,4.2,4197,No,https://amazon.com/dp/B07QBQKS98
ADATA,SU800/SX850,SATA/AHCI,2.5 & M.2 ,128GB-2TB,128GB,2TB,SMI SM2258,"Single-core, 4-ch, 8-CE/ch",Yes,No,Micron,TLC,32/64,560,520,Mid-Range SATA,29.95,170.49,12927,4.7,4967,No,https://amzn.to/45cLKsb
ADATA,Swordfish,x4 PCIe 3.0/NVMe,M.2,250GB-2TB,250GB,2TB,Realtek RTS5763DL,"Dual-core, 4-ch, 8-CE/ch",No,Yes,Kioxia,TLC,96,1800,1200,Entry-Level NVMe,19.99,127.4,3033,4.4,14043,No,https://amazon.com/dp/B08973FBKQ
ADATA,SX950U,SATA/AHCI,2.5,120GB-960GB,120GB,960GB,SMI SM2258,"Single-core, 4-ch, 8-CE/ch",Yes,No,Micron,TLC,32/64,560,520,Mid-Range SATA,,,14,3.8,4420,No,https://amazon.com/dp/B07C657RYV
ADATA,SX6000,x2 PCIe 2.0/NVMe,M.2,128GB-1TB,128GB,1TB,Realtek RTS5760,"Dual-core, 4-ch, 8-CE/ch",Yes,Yes,Micron,TLC,32,1000,800,Entry-Level NVMe,,,Unavailable,Unavailable,6741,Unavailable,Unavailable
ADATA,SX6000 Lite,x4 PCIe 3.0/NVMe,M.2,128GB-1TB,128GB,1TB,Realtek RTS5763DL,"Dual-core, 4-ch, 8-CE/ch",No,Yes,Micron,TLC,64,1800,1200,Entry-Level NVMe,24.99,81.62,12205,4.6,12922,No,https://amazon.com/dp/B07N22YS84
ADATA,SX6000 Pro/S5,x4 PCIe 3.0/NVMe,M.2,256GB-1TB,256GB,1TB,Realtek RTS5763DL,"Dual-core, 4-ch, 8-CE/ch",No,Yes,Micron,TLC,64,2100,1500,Entry-Level NVMe,50.82,91.9,1300,4.3,14289,No,https://amazon.com/dp/B07H52ML35
ADATA,SX7000,x4 PCIe 3.0/NVMe,M.2,128GB-512GB,128GB,512GB,SMI SM2260,"Dual R5, 8x4",Yes,No,Micron,TLC,64,1800,850,Entry-Level NVMe,79.99,129.38,154,4.1,9389,No,https://amazon.com/dp/B06Y6C25MJ
ADATA,SX8100/S7,x4 PCIe 3.0/NVMe,M.2,256GB-4TB,256GB,4TB,Realtek RTS5762,"Dual-core, 8-ch, 4-CE/ch",Yes,No,Micron,TLC,64/96,3500,3000,Mid-Range NVMe,49.75,129.99,1300,4.3,21353,No,https://amazon.com/dp/B0875Y43SM
ADATA,SX8200/S11,x4 PCIe 3.0/NVMe,M.2,240GB-960GB,240GB,960GB,SMI SM2262,"Dual-core, 8-ch, 4-CE/ch",Yes,No,Micron,TLC,64,3200,1700,Mid-Range NVMe,,,Unavailable,Unavailable,20035,Unavailable,Unavailable
ADATA,SX8200 Pro/S11 Pro,x4 PCIe 3.0/NVMe,M.2,256GB-2TB,512GB,2TB,SMI SM2262EN,"Dual-core, 8-ch, 4-CE/ch",Yes,No,Micron,TLC,64,3500,3000,Mid-Range NVMe,32.4,109.99,12180,4.6,16547,No,https://amzn.to/43jY6hw
ADATA,SX8800,x4 PCIe 3.0/NVMe,M.2,512GB-1TB,512GB,1TB,Realtek RTS5762,"Dual-core, 8-ch, 4-CE/ch",Yes,No,Micron,TLC,64/96,3500,2700,Mid-Range NVMe,,,Unavailable,Unavailable,17190,Unavailable,Unavailable
ADATA,XPG Indigo,x4 PCIe 4.0/NVMe,M.2,Up to 4TB,Unavailable,4TB,SMI SM2264,"QC (12nm R8), 8-ch, 8-CE/ch",Yes,No,Micron,TLC,64/97,7000,6000,High-End NVMe,,,Unavailable,Unavailable,Unavailable,Unavailable,Unavailable
ADATA,XPG Pearl,x4 PCIe 4.0/NVMe,M.2,Up to 4TB,Unavailable,4TB,SMI SM2267,"DC (28nm R5), 4-ch, 8-CE/ch",Yes,No,Micron,TLC,64/98,4000,3000,High-End NVMe,,,Unavailable,Unavailable,Unavailable,Unavailable,Unavailable
ADATA,XPG Sage,x4 PCIe 4.0/NVMe,M.2,Up to 4TB,Unavailable,4TB,InnoGrit IG5236,"Quad-core, 8-ch",Yes,No,Micron,TLC,96,7000,6100,High-End NVMe,,,Unavailable,Unavailable,Unavailable,Unavailable,Unavailable
Addlink,A90,x4 PCIe 4.0/NVMe,M.2,1TB-2TB,1TB,2TB,Phison E16,"Dual R5 + CoX, 8-ch, 4-CE/ch",Yes,No,Micron,TLC,176,5000,4400,Mid-Range NVMe,,,Unavailable,Unavailable,Unavailable,Unavailable,Unavailable
Addlink,A92,x4 PCIe 4.0/NVMe,M.2,1TB-4TB,1TB,4TB,Phison E16,"Dual R5 + CoX, 8-ch, 4-CE/ch",Yes,No,Micron,QLC,96,4900,3600,Mid-Range NVMe,,,Unavailable,Unavailable,Unavailable,Unavailable,Unavailable
Addlink,A95,x4 PCIe 4.0/NVMe,M.2,1TB-4TB,1TB,4TB,Phison E18,"Triple R5 + CoX, 8-ch, 4-CE/ch",Yes,No,Micron,TLC,176,7400,7000,High-End NVMe,69.88,244.44,1694,4.7,Unavailable,No,https://amzn.to/48xm0K7
Addlink,S20,SATA/AHCI,2.5,512GB-2TB,256GB,2TB,Phison S10,"Quad-core, 8-ch, 4-CE/ch",Yes,No,Kioxia,TLC,64,530,500,Mid-Range SATA,29.44,84.44,432,4.6,Unavailable,Yes,https://amzn.to/43mpX0g
Addlink,S20M,SATA/AHCI,2.5,256GB-1TB,256GB,1TB,Maxio MAS080X,"Single-core, 4x8",No,N/A,Kioxia,TLC,96,550,500,Entry-Level SATA,,,Unavailable,Unavailable,Unavailable,Unavailable,Unavailable
Addlink,S22,SATA/AHCI,2.5,512GB-2TB,512GB,2TB,Phison S11T,"Single-core, 2-ch, 8-CE/ch",No,N/A,Intel,QLC,64,550,500,Entry-Level SATA,,,Unavailable,Unavailable,Unavailable,Unavailable,Unavailable
Addlink,S68,x4 PCIe 3.0/NVMe,M.2,256GB-1TB,256GB,1TB,Phison E13T,"Single-core, 4-ch, 8-CE/ch",No,Yes,Micron,TLC,96,2500,2100,Entry-Level NVMe,,,Unavailable,Unavailable,Unavailable,Unavailable,Unavailable
Addlink,S70,x4 PCIe 3.0/NVMe,M.2,512GB-2TB,512GB,2TB,Phison E12S,"Dual R5 + CoX, 8-ch, 4-CE/ch",Yes,No,Kioxia,TLC,64,3400,3000,Mid-Range NVMe,31.44,89.44,1920,4.7,20458,No,https://amzn.to/3YPOrNj
Addlink,S90,x4 PCIe 4.0/NVMe,M.2,1TB-2TB,1TB,2TB,Phison E16,"Dual R5 + CoX, 8-ch, 4-CE/ch",Yes,No,Kioxia,TLC,96,5000,4400,Mid-Range NVMe,,,Unavailable,Unavailable,Unavailable,Unavailable,Unavailable
Addlink,S90 Lite,x4 PCIe 4.0/NVMe,M.2,512GB-4TB,512GB,4TB,Phison E21T,"Single R5, 4-ch, 4-CE/ch",No,Yes,Micron,TLC,176,5000,4500,Mid-Range NVMe,55.44,184.44,1920,4.7,Unavailable,No,https://amzn.to/402cVEy
Addlink,S91,x4 PCIe 4.0/NVMe,M.2,1TB-2TB,1TB,2TB,Phison E21T,"Single R5, 4-ch, 4-CE/ch",No,Yes,Micron,TLC,176,5000,3200,Mid-Range NVMe,83.88,172.44,1920,4.7,Unavailable,No,https://amzn.to/3n2iEMi
Addlink,S92,x4 PCIe 4.0/NVMe,M.2,1TB-4TB,1TB,4TB,Phison E16,"Dual R5 + CoX, 8-ch, 4-CE/ch",Yes,No,Kioxia,QLC,96,4900,3600,Mid-Range NVMe,,,Unavailable,Unavailable,Unavailable,Unavailable,Unavailable
Addlink,S95,x4 PCIe 4.0/NVMe,M.2,1TB-8TB,1TB,8TB,Phison E18,"Triple R5 + CoX, 8-ch, 4-CE/ch",Yes,N/A,Micron,TLC,96,7100,6800,High-End NVMe,69.88,819.44,1694,4.7,Unavailable,No,https://amzn.to/3PVInS6
Addlink,X70,x4 PCIe 3.0/NVMe,M.2,256GB-2TB,256GB,2TB,Phison E12S,"Dual R5 + CoX, 8-ch, 4-CE/ch",Yes,No,Kioxia,TLC,64,3400,2500,Mid-Range NVMe,,118.44,1920,4.7,Unavailable,No,https://amazon.com/dp/B07TD45T6B
Apacer,AS2280F4,x4 PCIe 5.0/NVMe,M.2,1TB-4TB,1TB,4TB,Phison E26,"Dual DC R5 + 3xCoX, 8-ch, 4-CE/ch",Yes,No,Micron,TLC,232,12400,11500,High-End NVMe,,,Unavailable,Unavailable,3500,Unavailable,Unavailable
Apacer,AS2280P2,x2 PCIe 3.0/NVMe,M.2,120GB-480GB,120GB,480GB,Phison E8T,"Dual-core, 4-ch, 8-CE/ch",No,Yes,Kioxia,TLC,64,1580,950,Entry-Level NVMe,,,Unavailable,Unavailable,9525,Unavailable,Unavailable
Apacer,AS2280P2 Pro,x2 PCIe 3.0/NVMe,M.2,120GB-480GB,120GB,480GB,Phison E8T,"Dual-core, 4-ch, 8-CE/ch",No,Yes,Kioxia,TLC,64,1580,950,Entry-Level NVMe,,,Unavailable,Unavailable,Unavailable,Unavailable,Unavailable
Apacer,AS2280P4U,x4 PCIe 3.0/NVMe,M.2,256GB-2TB,256GB,2TB,Phison E12S,"Dual R5 + CoX, 8-ch, 4-CE/ch",Yes,No,Kioxia,TLC,64,3500,3000,Mid-Range NVMe,,,Unavailable,Unavailable,23552,Unavailable,Unavailable
Apacer,AS2280P4U Pro,x4 PCIe 3.0/NVMe,M.2,256GB-2TB,256GB,2TB,Phison E12S,"Dual R5 + CoX, 8-ch, 4-CE/ch",Yes,No,Kioxia,TLC,64,3500,3000,Mid-Range NVMe,,,Unavailable,Unavailable,Unavailable,Unavailable,Unavailable
Apacer,AS2280Q4,x4 PCIe 4.0/NVMe,M.2,500GB-2TB,500GB,2TB,Phison E16,"Dual R5 + CoX, 8-ch, 4-CE/ch",Yes,No,Kioxia,TLC,64,5000,4400,Mid-Range NVMe,,,Unavailable,Unavailable,34626,Unavailable,Unavailable
Apacer,AS2280Q4U,x4 PCIe 4.0/NVMe,M.2,512GB-2TB,512GB,2TB,Phison E18,"Triple R5 + CoX, 8-ch, 4-CE/ch",Yes,N/A,Micron,TLC,176,7400,7000,High-End NVMe,,,Unavailable,Unavailable,34549,Unavailable,Unavailable
Asgard,AN1/AN2,x4 PCIe 3.0/NVMe,M.2,250GB-1TB,250GB,1TB,SMI SM2263XT,"Dual-core, 4-ch, 4-CE/ch",No,Yes,Micron,TLC,64,2000,1600,Entry-Level NVMe,,,Unavailable,Unavailable,11388,Unavailable,Unavailable
Asgard,AN3,x4 PCIe 3.0/NVMe,M.2,500GB-2TB,500GB,2TB,SMI SM2262EN,"Dual-core, 8-ch, 4-CE/ch",Yes,No,Micron,TLC,64,3300,3000,Mid-Range NVMe,,,Unavailable,Unavailable,Unavailable,Unavailable,Unavailable
Asgard,AN3+,x4 PCIe 3.0/NVMe,M.2,512GB-2TB,512GB,2TB,Starblaze STAR1000P,"Quad-core, 8-ch, 4-CE/ch",Yes,No,Intel,TLC,64+,3500,3000,Mid-Range NVMe,,,Unavailable,Unavailable,17566,Unavailable,Unavailable
Asgard,AN4,x4 PCIe 4.0/NVMe,M.2,512GB-2TB,512GB,2TB,InnoGrit IG5236,"Quad-core, 8-ch",Yes,N/A,YMTC,TLC,128,7500,5500,High-End NVMe,,,Unavailable,Unavailable,39449,Unavailable,Unavailable
Asura,Genesis Xtreme,x4 PCIe 3.0/NVMe,M.2,256GB-2TB,256GB,2TB,Phison E12S,"Dual R5 + CoX, 8-ch, 4-CE/ch",Yes,No,Kioxia,TLC,64,3500,3000,Mid-Range NVMe,,,Unavailable,Unavailable,Unavailable,Unavailable,Unavailable
ASUS,Strix SQ7,x4 PCIe 4.0/NVMe,M.2,1TB,Unavailable,1TB,Phison E18,"Triple R5 + CoX, 8-ch, 4-CE/ch",Yes,N/A,Micron,TLC,176,7000,6000,High-End NVMe,,,Unavailable,Unavailable,Unavailable,Unavailable,Unavailable
Biostar,M700,x4 PCIe 3.0/NVMe,M.2,256GB-512GB,256GB,512GB,SMI SM2263XT,"Dual-core, 4-ch, 4-CE/ch",No,Yes,Micron,TLC,64,2000,1600,Entry-Level NVMe,,,Unavailable,Unavailable,12704,Unavailable,Unavailable
CFD Gaming,PG5NFZ,x4 PCIe 5.0/NVMe,M.2,1TB-4TB,1TB,4TB,Phison E26,"Dual DC R5 + 3xCoX, 8-ch, 4-CE/ch",Yes,No,Micron,TLC,232,10000,9500,High-End NVMe,,,Unavailable,Unavailable,Unavailable,Unavailable,Unavailable
Colorful,CN600,x4 PCIe 3.0/NVMe,M.2,128GB-512GB,128GB,512GB,SMI SM2263XT,"Dual-core, 4-ch, 4-CE/ch",No,Yes,Micron,TLC,64,2000,1600,Entry-Level NVMe,,,Unavailable,Unavailable,15161,Unavailable,Unavailable
Colorful,CN600 Pro,x4 PCIe 3.0/NVMe,M.2,256GB-1TB,256GB,1TB,Maxio MAP1202,"Dual R5, 4x4",No,Yes,Micron,TLC,64,3400,3100,Mid-Range NVMe,,,Unavailable,Unavailable,18361,Unavailable,Unavailable
Colorful,CN700,x4 PCIe 4.0/NVMe,M.2,512GB-2TB,512GB,2TB,Maxio MAP1602,"Dual R5, 4x4",No,Yes,YMTC,TLC,128,5000,4500,Mid-Range NVMe,,,Unavailable,Unavailable,26405,Unavailable,Unavailable
Colorful,SL500,SATA/AHCI,2.5,240GB-2TB,240GB,2TB,SMI SM2258XT,"Single-core, 4-ch, 4-CE/ch",No,N/A,Intel,TLC,32,500+,400+,Entry-Level SATA,,,Unavailable,Unavailable,3473,Unavailable,Unavailable
Corsair,MP300,x2 PCIe 3.0/NVMe,M.2,120GB-960GB,120GB,960GB,Phison E8,"Dual-core, 4-ch, 8-CE/ch",Yes,No,Kioxia,TLC,64,1600,1080,Entry-Level NVMe,,,Unavailable,Unavailable,9215,Unavailable,Unavailable
Corsair,MP400,x4 PCIe 3.0/NVMe,M.2,1TB-8TB,1TB,8TB,Phison E12S,"Dual R5 + CoX, 8-ch, 4-CE/ch",Yes,No,Intel,QLC,96,3400,3000,Mid-Range NVMe,,,Unavailable,Unavailable,27852,Unavailable,Unavailable
Corsair,MP510,x4 PCIe 3.0/NVMe,M.2,240GB-4TB,240GB,4TB,Phison E12S,"Dual R5 + CoX, 8-ch, 4-CE/ch",Yes,No,Kioxia,TLC,64,3480,3000,Mid-Range NVMe,,,Unavailable,Unavailable,21904,Unavailable,Unavailable
Corsair,MP600,x4 PCIe 4.0/NVMe,M.2,500GB-2TB,500GB,2TB,Phison E16,"Dual R5 + CoX, 8-ch, 4-CE/ch",Yes,No,Kioxia,TLC,96,4950,4250,Mid-Range NVMe,,,Unavailable,Unavailable,30593,Unavailable,Unavailable
Corsair,MP600 CORE,x4 PCIe 4.0/NVMe,M.2,1TB-4TB,1TB,4TB,Phison E16,"Dual R5 + CoX, 8-ch, 4-CE/ch",Yes,No,Micron,QLC,96,4950,3950,Mid-Range NVMe,,,Unavailable,Unavailable,31586,Unavailable,Unavailable
Corsair,MP600 Core XT,x4 PCIe 4.0/NVMe,M.2,500GB-4TB,500GB,4TB,Phison E21T,"Single R5, 4-ch, 4-CE/ch",No,Yes,Micron,QLC,176,5000,4400,Entry-Level NVMe,59.99,205.1,470,4.6,30101,Yes,https://amzn.to/3pWBJQV 
Corsair,MP600 GS,x4 PCIe 4.0/NVMe,M.2,500GB-1TB,500GB,1TB,Phison E21T,"Single R5, 4-ch, 4-CE/ch",No,Yes,Micron,TLC,176,4800,3900,Entry-Level NVMe,37.99,136.82,2420,4.7,33589,No,https://amzn.to/3JsbCbV
Corsair,MP600 Mini,x4 PCIe 4.0/NVMe,M.2,1TB,1TB,Unavailable,Phison E21T,"Single R5, 4-ch, 4-CE/ch",No,Yes,Micron,TLC,176,4800,4800,Mid-Range NVMe,,89.99,641,4.8,Unavailable,No,https://amzn.to/3rlgNUC
Corsair,MP600 PRO,x4 PCIe 4.0/NVMe,M.2,2TB-4TB,2TB,4TB,Phison E18,"Triple R5 + CoX, 8-ch, 4-CE/ch",Yes,N/A,Micron,TLC,96,7000,6850,High-End NVMe,1289.99,289.99,256,4.5,47081,No,https://amzn.to/44Gtzv4
Corsair,MP600 PRO NH,x4 PCIe 4.0/NVMe,M.2,500GB-8TB,500GB,8TB,Phison E18,"Triple R5 + CoX, 8-ch, 4-CE/ch",Yes,N/A,Micron,TLC,176,7000,6500,High-End NVMe,64.99,1149.95,107,3.6,53307,No,https://amzn.to/4229Ju4
Corsair,MP600 Pro Hydro X,x4 PCIe 4.0/NVMe,M.2,1TB-2TB,1TB,2TB,Phison E18,"Triple R5 + CoX, 8-ch, 4-CE/ch",Yes,N/A,Micron,TLC,96,7000,6850,High-End NVMe,,,9368,4.7,Unavailable,No,https://amazon.com/dp/B08TB29VRS
Corsair,MP600 Pro LPX,x4 PCIe 4.0/NVMe,M.2,500GB-8TB,1TB,4TB,Phison E18,"Triple R5 + CoX, 8-ch, 4-CE/ch",Yes,N/A,Micron,TLC,176,7100,6800,High-End NVMe,57.99,889.99,5184,4.8,47615,Yes,https://amzn.to/3yu44iS
Corsair,MP600 PRO XT,x4 PCIe 4.0/NVMe,M.2,1TB-8TB,1TB,8TB,Phison E18,"Triple R5 + CoX, 8-ch, 4-CE/ch",Yes,N/A,Micron,TLC,176,7300,6900,High-End NVMe,74.99,969.99,830,4.7,48187,No,https://amzn.to/3ytQpbi
Corsair,MP600 PRO XT Hydro X,x4 PCIe 4.0/NVMe,M.2,2TB-4TB,2TB,4TB,Phison E18,"Triple R5 + CoX, 8-ch, 4-CE/ch",Yes,N/A,Micron,TLC,96,7100,6800,High-End NVMe,151.91,329.99,833,4.7,Unavailable,No,https://amazon.com/dp/B09F5Z21DF
Corsair,MP700,x4 PCIe 5.0/NVMe,M.2,2TB,Unavailable,2TB,Phison E26,"Dual R5 + 3xCoX, 8-ch, 4-CE/ch",Yes,N/A,Micron,TLC,232,10000,9500,High-End NVMe,,179.99,15,4.8,69046,No,https://amazon.com/dp/B0C3VDBJXP
Crucial,BX500,SATA/AHCI,2.5,240GB-2TB,240GB,2TB,SMI SM2258/59XT,"Single-core, 4-ch, 4-CE/ch",No,N/A,Micron,TLC/QLC,64/96,540,500,Entry-Level SATA,22.12,75.99,"104,416",4.7,3781,Yes,https://amzn.to/3Y212OR
Crucial,MX300,SATA/AHCI,2.5 & M.2 ,275GB-2TB,275GB,2TB,Marvell 88SS1074,"Dual-core, 4-ch, 8-CE/ch",Yes,N/A,Micron,TLC,32,530,500,Mid-Range SATA,80,289.99,11893,4.6,4378,No,https://amazon.com/dp/B01IAGSDUE
Crucial,MX500,SATA/AHCI,2.5 & M.2 ,250GB-4TB,250GB,4TB,SMI SM2258,"Single-core, 4-ch, 8-CE/ch",Yes,N/A,Micron,TLC,64/96,550,510,High-End SATA,29.99,216.92,92334,4.8,4889,No,https://amzn.to/3mMQFzw
Crucial,P1,x4 PCIe 3.0/NVMe,M.2,500GB-1TB,500GB,1TB,SMI SM2263,"Dual-core, 4-ch, 4-CE/ch",Yes,No,Micron,QLC,64,2000,1700,Entry-Level NVMe,,129.99,22030,4.8,12822,No,https://amazon.com/dp/B07J2Q4SWZ
Crucial,P2,x4 PCIe 3.0/NVMe,M.2,500GB-2TB,500GB,2TB,Phison E13T,"Single-core, 4-ch, 8-CE/ch",No,Yes,Micron,TLC/QLC,96,2400,1900,Entry-Level NVMe,50.99,94.95,38405,4.7,15243,No,https://amazon.com/dp/B086BGWNY8
Crucial,P3,x4 PCIe 3.0/NVMe,M.2,500GB-4TB,500GB,4TB,Phison E21T,"Single R5, 4-ch, 4-CE/ch",No,Yes,Micron,QLC,176,3500,3000,Entry-Level NVMe,29.99,198.98,17421,4.7,28051,Yes,https://amzn.to/3JwO2e9
Crucial,P3 Plus,x4 PCIe 4.0/NVMe,M.2,500GB-4TB,500GB,4TB,Phison E21T,"Single R5, 4-ch, 4-CE/ch",No,Yes,Micron,QLC,176,5000,4200,Entry-Level NVMe,32.99,214.47,10383,4.7,20837,Yes,https://amzn.to/3mFk130
Crucial,P5,x4 PCIe 3.0/NVMe,M.2,1TB-2TB,1TB,2TB,Micron DM01B2,"Dual-core R5 + M3, 8-ch",Yes,No,Micron,TLC,96,3400,3000,Mid-Range NVMe,109.99,219.99,9636,4.8,39975,No,https://amazon.com/dp/B087QRVVVH
Crucial,P5 Plus,x4 PCIe 4.0/NVMe,M.2,500GB-2TB,500GB,2TB,Micron DM02A1,Cortex-R5 + Cortex-M3,Yes,No,Micron,TLC,176,6600,5000,High-End NVMe,49.99,104.49,13344,4.8,37812,Yes,https://amzn.to/3J8FOI1
Crucial,T500,x4 PCIe 4.0/NVMe,M.2,500GB-2TB,500GB,2TB,Phison E25,Dual R5 + CoX,Yes,N/A,Micron,TLC,232,7400,7000,High-End NVMe,52.99,119.99,12,4.9,3791,No,https://amazon.com/dp/B0CK39YR9V
Crucial,T700,x4 PCIe 5.0/NVMe,M.2,1TB-4TB,1TB,4TB,Phison E26,"Dual R5 + 3xCoX, 8-ch, 4-CE/ch",Yes,N/A,Micron,TLC,232,12400,11800,High-End NVMe,167.99,499.99,222,4.4,73045,Yes,https://amzn.to/3pHlXd4
DigiFast,Ace,x4 PCIe 3.0/NVMe,M.2,256GB-1TB,256GB,1TB,Phison E12S,"Dual R5 + CoX, 8-ch, 4-CE/ch",Yes,No,Kioxia,TLC,64,3470,3000,Mid-Range NVMe,,,Unavailable,Unavailable,14797,No,https://amazon.com/dp/B07PW492Q7
Drevo,D1 Xtreme,x4 PCIe 3.0/NVMe,M.2,256GB-512GB,256GB,512GB,SMI SM2262,"Dual-core, 8-ch, 4-CE/ch",Yes,No,Micron,TLC,64,3200,3150,Mid-Range NVMe,,,Unavailable,Unavailable,Unavailable,No,https://amazon.com/dp/B07CQHGGVG
Drevo,X1 Pro,SATA/AHCI,2.5,64GB-1TB,64GB,1TB,SMI SM2258XT,"Single-core, 4-ch, 4-CE/ch",No,N/A,Micron,TLC,32/64,570,470,Entry-Level SATA,,,Unavailable,Unavailable,4108,No,https://amazon.com/dp/B07F689HTN
Essencore,ECT455,x4 PCIe 4.0/NVMe,M.2,500GB-2TB,500GB,2TB,Phison E16,"Dual R5 + CoX, 8-ch, 4-CE/ch",Yes,No,Kioxia,TLC,96,4800,4000,Mid-Range NVMe,,,Unavailable,Unavailable,Unavailable,Unavailable,Unavailable
Foresee,P800,x4 PCIe 3.0/NVMe,M.2,256GB-1TB,256GB,1TB,Marvell 88SS1092,"Tri-core, 8-ch, 8-CE/ch",Yes,N/A,Longsys,TLC,96,3200,1900,Mid-Range NVMe,,,Unavailable,Unavailable,Unavailable,Unavailable,Unavailable
Galax,HOF 4.0,x4 PCIe 4.0/NVMe,M.2,1TB-4TB,1TB,4TB,Phison E16,"Dual R5 + CoX, 8-ch, 4-CE/ch",Yes,No,Kioxia,TLC,96,4800,4000,Mid-Range NVMe,,,Unavailable,Unavailable,Unavailable,Unavailable,Unavailable
Galax,HOF 4.0 Extreme,x4 PCIe 4.0/NVMe,M.2,1TB-4TB,1TB,4TB,Phison E18,"Triple R5 + CoX, 8-ch, 4-CE/ch",Yes,N/A,Micron,TLC,96,7000,6850,High-End NVMe,,,Unavailable,Unavailable,Unavailable,Unavailable,Unavailable
Galax,HOF 5.0,x4 PCIe 5.0/NVMe,M.2,1TB-2TB,1TB,2TB,Phison E26,"Dual R5 + 3xCoX, 8-ch, 4-CE/ch",Yes,N/A,Micron,TLC,232,10000,9500,High-End NVMe,,,Unavailable,Unavailable,Unavailable,Unavailable,Unavailable
Gigabyte,Gen4 Aorus,x4 PCIe 4.0/NVMe,M.2,500GB-2TB,500GB,2TB,Phison E16,"Dual R5 + CoX, 8-ch, 4-CE/ch",Yes,No,Kioxia,TLC,96,5000,4400,Mid-Range NVMe,,154.77,833,4.6,22295,No,https://amazon.com/dp/B07TJX83W2
Gigabyte,Gen4 Aorus v2/Premium,x4 PCIe 4.0/NVMe,M.2,1TB-2TB,1TB,2TB,Phison E18,"Triple R5 + CoX, 8-ch, 4-CE/ch",Yes,N/A,Micron,TLC,96,7000,6850,High-End NVMe,104.99,276.9,1042,4.7,36996,No,https://amzn.to/3pJlEhW
Gigabyte,Gen4 Aorus 5000E,x4 PCIe 4.0/NVMe,M.2,500GB-2TB,500GB,2TB,Phison E21T,"Single R5, 4-ch, 4-CE/ch",No,Yes,Micron,TLC,96,5000,3800,Mid-Range NVMe,45.99,,24,4.9,24476,No,https://amazon.com/dp/B0BTQ3ZSZV
Gigabyte,Gen4 Aorus 7300,x4 PCIe 4.0/NVMe,M.2,1TB-2TB,1TB,2TB,Phison E18,"Triple R5 + CoX, 8-ch, 4-CE/ch",Yes,N/A,Micron,TLC,176,7300,6850,High-End NVMe,68.99,119.99,7,4.8,42559,No,https://amzn.to/45i0c2e
Gigabyte,Gen5 Aorus 10000,x4 PCIe 5.0/NVMe,M.2,1TB-4TB,1TB,4TB,Phison E26,"Dual R5 + 3xCoX, 8-ch, 4-CE/ch",Yes,N/A,Micron,TLC,232,9500,8500,High-End NVMe,,,Unavailable,Unavailable,Unavailable,Unavailable,Unavailable
Gigabyte,M30,x4 PCIe 3.0/NVMe,M.2,512GB-1TB,512GB,1TB,SMI SM2262EN,"Dual-core, 8-ch, 4-CE/ch",Yes,No,Kioxia,TLC,96,3500,3000,Mid-Range NVMe,,108.99,1,5,21996,No,https://amazon.com/dp/B0974ZQPD6
Gigabyte,NVMe,x2 PCIe 3.0/NVMe,M.2,128GB-512GB,128GB,512GB,Phison E8T,"Dual-core, 4-ch, 8-CE/ch",No,Yes,Kioxia,TLC,64,1550,850,Entry-Level NVMe,,,Unavailable,Unavailable,7407,Unavailable,Unavailable
Gigabyte,NVMe v2,x4 PCIe 3.0/NVMe,M.2,128GB-1TB,128GB,1TB,Phison E13T,"Single-core, 4-ch, 8-CE/ch",No,Yes,Kioxia,TLC,64,2500,2100,Entry-Level NVMe,,55.99,306,4.6,13196,No,https://amazon.com/dp/B07Z9YBT3T
Gigabyte,SSD,SATA/AHCI,2.5,120GB-1TB,120GB,1TB,Phison S11,"Single-core, 2-ch, 8-CE/ch",No,N/A,Kioxia,TLC,64,550,500,Entry-Level SATA,,,Unavailable,Unavailable,4113,Unavailable,Unavailable
Gigabyte,UD Pro,SATA/AHCI,2.5,256GB-512GB,256GB,512GB,Phison S10,"Quad-core, 8-ch, 4-CE/ch",Yes,N/A,Kioxia,TLC,64,530,500,Mid-Range SATA,,,Unavailable,Unavailable,3612,Unavailable,Unavailable
Goodram,IRDM Pro,x4 PCIe 4.0/NVMe,M.2,1TB-4TB,1TB,4TB,Phison E18,"Triple R5 + CoX, 8-ch, 4-CE/ch",Yes,N/A,Micron,TLC,176,7000,6850,High-End NVMe,,,Unavailable,Unavailable,46665,No,https://amazon.com/dp/B0B72KGHQX
Goodram,IRDM Ultimate X,x4 PCIe 4.0/NVMe,M.2,500GB-2TB,500GB,2TB,Phison E16,"Dual R5 + CoX, 8-ch, 4-CE/ch",Yes,No,Kioxia,TLC,96,5000,4500,Mid-Range NVMe,,,Unavailable,Unavailable,Unavailable,Unavailable,Unavailable
Goodram,PX500,x4 PCIe 3.0/NVMe,M.2,256GB-1TB,256GB,1TB,SMI SM2263XT,"Dual-core, 4-ch, 4-CE/ch",No,Yes,Micron,TLC,64,2050,1650,Entry-Level NVMe,,,Unavailable,Unavailable,13843,No,https://amazon.com/dp/B0BQWFPDMB
Greenliant,ArmourDrive,x4 PCIe 3.0/NVMe,M.2,128GB-2TB,128GB,2TB,Phison E13T,"Single-core, 4-ch, 8-CE/ch",No,Yes,Micron,TLC,64,2500,2100,Entry-Level NVMe,,,Unavailable,Unavailable,Unavailable,Unavailable,Unavailable
Fantom,VENOM8,x4 PCIe 4.0/NVMe,M.2,1TB-4TB,1TB,4TB,Phison E18,"Triple R5 + CoX, 8-ch, 4-CE/ch",Yes,N/A,Micron,TLC,176,7400,6900,High-End NVMe,88.95,264.99,1252,4.8,47153,Yes,https://amzn.to/3FDSpSx
HIKVision,C2000,x4 PCIe 3.0/NVMe,M.2,256GB-1TB,256GB,1TB,Phison E12S,"Dual R5 + CoX, 8-ch, 4-CE/ch",Yes,No,Kioxia,TLC,64,3500,3000,Mid-Range NVMe,,,Unavailable,Unavailable,Unavailable,Unavailable,Unavailable
HP,EX900,x4 PCIe 3.0/NVMe,M.2,120GB-1TB,120GB,1TB,SMI SM2263XT,"Dual-core, 4-ch, 4-CE/ch",No,Yes,Micron,TLC,64,2100,1500,Entry-Level NVMe,32.99,105.99,893,4.6,13070,No,https://amzn.to/3NOzCXH
HP,EX900 Plus,x4 PCIe 3.0/NVMe,M.2,256GB-2TB,256GB,2TB,Innogrit IG5216,"Dual-core, 4x4",No,Yes,Micron,TLC,64,3300,2700,Entry-Level NVMe,24.99,89.99,195,4.5,22479,No,https://amzn.to/44ipMob
HP,EX900 Pro,x4 PCIe 3.0/NVMe,M.2,256GB-1TB,256GB,Unavailable,SMI SM2263,"Dual-core, 4-ch, 4-CE/ch",Yes,N/A,Micron,TLC,64,2095,1965,Entry-Level NVMe,27.99,57.99,131,4.7,15540,No,https://amzn.to/3NOzKGF
HP,EX920,x4 PCIe 3.0/NVMe,M.2,256GB-1TB,256GB,1TB,SMI SM2262,"Dual-core, 8-ch, 4-CE/ch",Yes,No,Micron,TLC,64,3200,1800,Mid-Range NVMe,59.99,118.99,558,4.5,18208,No,https://amazon.com/dp/B0795Z97K7
HP,EX950,x4 PCIe 3.0/NVMe,M.2,512GB-2TB,512GB,2TB,SMI SM2262EN,"Dual-core, 8-ch, 4-CE/ch",Yes,No,Micron,TLC,64,3500,2900,Mid-Range NVMe,70.99,114.9,496,4.4,20458,No,https://amazon.com/dp/B07MZFJ8FH
HP,FX900,x4 PCIe 4.0/NVMe,M.2,512GB-1TB,512GB,1TB,InnoGrit IG5220,"Tri-core R5, 4x8",No,Yes,Micron,TLC,176L,5000,4800,Mid-Range NVMe,44.99,59.99,29,4.3,Unavailable,No,https://amzn.to/3YHxAwa
HP,FX900 Pro,x4 PCIe 4.0/NVMe,M.2,512GB-2TB,512GB,2TB,InnoGrit IG5236,"Quad-core, 8-ch",Yes,N/A,Micron,TLC,176,7400,6700,High-End NVMe,44.99,114.99,101,4.4,43425,No,https://amzn.to/3ytxFsH
HP,M700,SATA/AHCI,2.5 & M.2,120GB-240GB,120GB,240GB,SMI SM2258XT,"Single-core, 4-ch, 4-CE/ch",No,N/A,Samsung,MLC,176,560,520,Entry-Level SATA,,,Unavailable,Unavailable,3775,Unavailable,Unavailable
HP,S600,SATA/AHCI,2.5,120GB-240GB,120GB,240GB,Marvell 88NV1120,"Dual-core, 2-ch, 4-CE/ch",No,N/A,Micron,TLC,64,520,500,Entry-Level SATA,,,28,3.5,2581,No,https://amazon.com/dp/B07DGPRY5Y
HP,S700,SATA/AHCI,2.5 & M.2,120GB-500GB,120GB,500GB,SMI SM2258XT,"Single-core, 4-ch, 4-CE/ch",No,N/A,Micron,TLC,32/64,560,515,Entry-Level SATA,,32.99,236,4.6,3297,No,https://amzn.to/3pzO26g
HP,S700 Pro,SATA/AHCI,2.5 & M.2 ,128GB-1TB,128GB,1TB,SMI SM2258,"Single-core, 4-ch, 8-CE/ch",Yes,N/A,Micron,TLC,32/64,570,525,Mid-Range SATA,39.99,109.99,17,4.1,4736,No,https://amazon.com/dp/B071G6K6TW
HP,S750,SATA/AHCI,2.5,256GB-1TB,256GB,1TB,SMI SM2259XT,"Single-core, 4-ch, 4-CE/ch",No,N/A,Micron,TLC,96,560,520,Entry-Level SATA,22.99,51.99,783,4.6,4178,No,https://amzn.to/44nxy00
Hynix,Gold P31,x4 PCIe 3.0/NVMe,M.2,500GB-2TB,500GB,2TB,Cepheus II,"Dual R5, 4x4",Yes,No,Hynix,TLC,128,3500,3200,Mid-Range NVMe,50.59,128.65,9220,4.8,Unavailable,Yes,https://amzn.to/3NNjPIX
Hynix,Gold S31,SATA/AHCI,2.5,250GB-1TB,250GB,1TB,Quartz/SH87830CC,"Dual-core, 8-ch, 4-CE/ch",Yes,N/A,Hynix,TLC,72,560,525,High-End SATA,39.99,99.99,16200,4.7,Unavailable,No,https://amazon.com/dp/B07SNHB4RC
Hynix,Platinum P41,x4 PCIe 4.0/NVMe,M.2,500GB-2TB,500GB,2TB,Aries,"R8 + M7 + 2xR8, 8x4",Yes,No,Hynix,TLC,176,7000,6500,High-End NVMe,67.99,177.49,2226,4.8,Unavailable,Yes,https://amzn.to/3ytBlui
Hyundai,Sapphire,SATA/AHCI,2.5,120GB-480GB,120GB,480GB,Marvell 88NV1120,"Dual-core, 2-ch, 4-CE/ch",No,N/A,Micron,TLC,32,500,300,Entry-Level SATA,,,30,4,3335,No,https://amazon.com/dp/B07JPGN4G7
Inland,Basic,x2 PCIe 3.0/NVMe,M.2,256GB,256GB,Unavailable,Phison E8T,"Dual-core, 4-ch, 8-CE/ch",No,Yes,Kioxia,TLC,64,1100,600,Entry-Level NVMe,,,Unavailable,Unavailable,Unavailable,Unavailable,Unavailable
Inland,Gaming Perf. Plus,x4 PCIe 4.0/NVMe,M.2,1TB-8TB,1TB,8TB,Phison E18,"Triple R5 + CoX, 8-ch, 4-CE/ch",Yes,N/A,Micron,TLC,176,7000,6850,High-End NVMe,69.99,829.99,320,4.6,Unavailable,No,https://amzn.to/3LEBLGg
Inland,Performance,x4 PCIe 4.0/NVMe,M.2,1TB-2TB,1TB,2TB,Phison E16,"Dual R5 + CoX, 8-ch, 4-CE/ch",Yes,No,Kioxia,TLC,96,5000,4300,Mid-Range NVMe,79.99,139.99,293,4.7,Unavailable,No,https://amzn.to/3JToEQ4
Inland,Performance Plus,x4 PCIe 4.0/NVMe,M.2,1TB-8TB,1TB,8TB,Phison E18,"Triple R5 + CoX, 8-ch, 4-CE/ch",Yes,N/A,Micron,TLC,96,7000,6850,High-End NVMe,69.99,829.99,320,4.6,Unavailable,No,https://amzn.to/3FxSvL9
Inland,Platinum,x4 PCIe 3.0/NVMe,M.2,1TB-4TB,1TB,4TB,Phison E12S,"Dual R5 + CoX, 8-ch, 4-CE/ch",Yes,No,Micron,QLC,96,3400,3000,Mid-Range NVMe,30.99,449.99,1550,4.6,Unavailable,No,https://amzn.to/3n8E9KS
Inland,Premium (NVMe),x4 PCIe 3.0/NVMe,M.2,256GB-2TB,256GB,2TB,Phison E12S,"Dual R5 + CoX, 8-ch, 4-CE/ch",Yes,No,Kioxia,TLC,64,3100,2900,Mid-Range NVMe,,102.01,347,4.6,Unavailable,No,https://amazon.com/dp/B07X74M6PT
Inland,Prime,x4 PCIe 3.0/NVMe,M.2,1TB,1TB,Unavailable,Phison E15T,"Single-core R5 + CoX, 4-ch, 8-CE/ch",No,Yes,Micron,TLC,176,3300,3000,Mid-Range NVMe,79.99,114.99,1550,4.6,Unavailable,No,https://amazon.com/dp/B09GFNFVKC
Inland,Pro QLC (NVMe),x4 PCIe 3.0/NVMe,M.2,1TB-2TB,1TB,2TB,Phison E13T,"Single-core, 4-ch, 8-CE/ch",No,Yes,Kioxia,QLC,96,2000,1900,Entry-Level NVMe,,,Unavailable,Unavailable,Unavailable,Unavailable,Unavailable
Inland,Pro. (NVMe),x2 PCIe 3.0/NVMe,M.2,128GB-1TB,128GB,1TB,Phison E8,"Dual-core, 4-ch, 8-CE/ch",Yes,No,Kioxia,TLC,64,1550,1000,Entry-Level NVMe,,,Unavailable,Unavailable,Unavailable,Unavailable,Unavailable
Inland,Pro. (SATA),SATA/AHCI,2.5,120GB-1TB,120GB,1TB,Phison S11,"Single-core, 2-ch, 8-CE/ch",No,N/A,Kioxia,TLC,64,500,470,Entry-Level SATA,18.99,49.99,4592,4.6,Unavailable,No,https://amazon.com/dp/B07FM9SSP6
Inland,TD510,x4 PCIe 5.0/NVMe,M.2,1TB-2TB,1TB,2TB,Phison E26,"Dual R5 + 3xCoX, 8-ch, 4-CE/ch",Yes,N/A,Micron,TLC,232,10000,9500,High-End NVMe,172.99,249.99,751,4.7,Unavailable,No,https://amzn.to/457Hg6k
Inland,TN436,x4 PCIe 4.0/NVMe,M.2,512GB-2TB,512GB,2TB,Phison E19T,"Single R5 + CoX, 4-ch, 8-CE/ch",No,Yes,Kioxia,TLC,112,3400,2400,Entry-Level NVMe,42.99,189.99,171,4.8,Unavailable,No,https://amzn.to/3lpBWdL
Inland,TN446,x4 PCIe 4.0/NVMe,M.2,512GB-1TB,512GB,1TB,Phison E21T,"Single R5 + CoX, 4-ch, 8-CE/ch",No,Yes,Kioxia,TLC,112,4700,3700,Mid-Range NVMe,42.99,82.99,751,4.7,Unavailable,No,https://amzn.to/3XTW4U3
Inland,TN450,x4 PCIe 4.0/NVMe,M.2,500GB-2TB,500GB,2TB,Phison E21T,"Single R5 + CoX, 4-ch, 8-CE/ch",No,Yes,Kioxia,TLC,112,5000,5000,Mid-Range NVMe,39.99,114.99,293,4.7,Unavailable,No,https://amzn.to/3ZBomDE
Inland,QN322,x4 PCIe 3.0/NVMe,M.2,500GB-2TB,500GB,2TB,Phison E13T,"Single-core, 4-ch, 8-CE/ch",No,Yes,Intel,QLC,96,2300,1800,Entry-Level NVMe,29.99,82.99,135,4.7,Unavailable,No,https://amzn.to/42oKsdz
Inland,QN446,x4 PCIe 4.0/NVMe,M.2,2TB,Unavailable,2TB,Phison E21T,"Single R5 + CoX, 4-ch, 8-CE/ch",No,Yes,Micron,QLC,176,5000,3200,Entry-Level NVMe,,189.99,171,4.8,Unavailable,No,https://amzn.to/3OGnKI2
Intel,545s,SATA/AHCI,2.5 & M.2 ,256GB-512GB,256GB,512GB,SMI SM2259,"Single-core, 4-ch, 8-CE/ch",Yes,N/A,Intel,TLC,64,550,500,High-End SATA,89.99,145.2,535,4.4,4556,No,https://amazon.com/dp/B074SGXN81
Intel,660p,x4 PCIe 3.0/NVMe,M.2,512GB-2TB,512GB,2TB,SMI SM2263,"Dual-core, 4-ch, 4-CE/ch",Yes,No,Intel,QLC,64,1800,1800,Entry-Level NVMe,79.99,129.99,2641,4.8,14372,No,https://amazon.com/dp/B07GBKQ9ST
Intel,665p,x4 PCIe 3.0/NVMe,M.2,1TB-2TB,1TB,2TB,SMI SM2263,"Dual-core, 4-ch, 4-CE/ch",Yes,No,Intel,QLC,96,2000,2000,Entry-Level NVMe,124.99,,89,4.5,Unavailable,No,https://amazon.com/dp/B0851L494L
Intel,670p,x4 PCIe 3.0/NVMe,M.2,512GB-2TB,512GB,2TB,SMI SM2265,"Dual-core R5, 4-ch, 4-CE/ch",Yes,No,Intel,QLC,144,3500,2700,Entry-Level NVMe,38.97,82,810,4.8,Unavailable,No,https://amzn.to/3J9FPLI
Intel,760p,x4 PCIe 3.0/NVMe,M.2,128GB-2TB,128GB,2TB,SMI SM2262,"Dual-core, 8-ch, 4-CE/ch",Yes,No,Intel,TLC,64,3230,1625,Mid-Range NVMe,,729.99,388,4.6,16207,No,https://amazon.com/dp/B078QD7M6J
KingDian,S280,SATA/AHCI,2.5,120GB-2TB,120GB,2TB,SMI SM2258,"Single-core, 4-ch, 8-CE/ch",Yes,N/A,Intel,TLC,32/64,560,420,Mid-Range SATA,26.99,189.99,674,4.5,3275,No,https://amazon.com/dp/B00XJCNPEY
KingDian,S400,SATA/AHCI,2.5,120GB-480GB,120GB,480GB,SMI SM2258XT,"Single-core, 4-ch, 4-CE/ch",No,N/A,Intel,TLC,32,530,450,Entry-Level SATA,,55.99,32,3.8,3263,No,https://amazon.com/dp/B07FYF21BV
KingMax,PQ4480,x4 PCIe 4.0/NVMe,M.2,250GB-1TB,250GB,1TB,Phison E19T,"Single R5 + CoX, 4-ch, 8-CE/ch",No,Yes,Kioxia,TLC,64,3600,3000,Entry-Level NVMe,,,Unavailable,Unavailable,Unavailable,Unavailable,Unavailable
KingMax,PX3480,x4 PCIe 3.0/NVMe,M.2,256GB-1TB,256GB,1TB,Phison E12S,"Dual R5 + CoX, 8-ch, 4-CE/ch",Yes,No,Kioxia,TLC,64,3400,3400,Mid-Range NVMe,,,Unavailable,Unavailable,Unavailable,Unavailable,Unavailable
KingMax,PX4480,x4 PCIe 4.0/NVMe,M.2,500GB-2TB,500GB,2TB,Phison E16,"Dual R5 + CoX, 8-ch, 4-CE/ch",Yes,No,Kioxia,TLC,96,5000,4400,Mid-Range NVMe,,,Unavailable,Unavailable,Unavailable,Unavailable,Unavailable
KingMax,SMV,SATA/AHCI,2.5,120GB-960GB,120GB,960GB,Phison S11,"Single-core, 2-ch, 8-CE/ch",No,N/A,Kioxia,TLC,64,500,500,Entry-Level SATA,,,Unavailable,Unavailable,Unavailable,Unavailable,Unavailable
Kingston,A1000,x2 PCIe 3.0/NVMe,M.2,240GB-960GB,240GB,960GB,Phison E8,"Dual-core, 4-ch, 8-CE/ch",Yes,No,Kioxia,TLC,64,1500,1000,Entry-Level NVMe,,,677,4.3,10234,No,https://amazon.com/dp/B07BMXS6SH
Kingston,A400,SATA/AHCI,2.5,120GB-960GB,120GB,960GB,Phison S11,"Single-core, 2-ch, 8-CE/ch",No,N/A,Kioxia,TLC,32+,500,450,Entry-Level SATA,27.3,55.5,208049,4.8,3754,No,https://amzn.to/3D7ySYP
Kingston,A2000,x4 PCIe 3.0/NVMe,M.2,250GB-1TB,250GB,1TB,SMI SM2263,"Dual-core, 4-ch, 4-CE/ch",Yes,No,Micron,TLC,64/96,2200,2000,Entry-Level NVMe,,119.99,12296,4.8,14736,No,https://amazon.com/dp/B07VXC9QMH
Kingston,Fury Renegade,x4 PCIe 4.0/NVMe,M.2,500GB-4TB,500GB,4TB,Phison E18,"Triple R5 + CoX, 8-ch, 4-CE/ch",Yes,N/A,Micron,TLC,176,7300,7000,High-End NVMe,57.65,339.3,2322,4.9,50351,Yes,https://amzn.to/3JuxW50
Kingston,HyperX RGB,SATA/AHCI,2.5,120GB-960GB,120GB,960GB,Marvell 88SS1074,"Dual-core, 4-ch, 8-CE/ch",Yes,N/A,Micron,TLC,64,520,500,Entry-Level SATA,,,210,4.7,1892,No,https://amazon.in/dp/B07H78FQ7C
Kingston,KC600,SATA/AHCI,2.5,512GB-2TB,512GB,2TB,SMI SM2259,"Single-core, 4-ch, 8-CE/ch",Yes,N/A,Micron,TLC,96,550,520,High-End SATA,53.99,,856,4.6,4783,Yes,https://amazon.com/dp/B07ZDBT15M
Kingston,KC2000,x4 PCIe 3.0/NVMe,M.2,256GB-1TB,256GB,1TB,SMI SM2262EN,"Dual-core, 8-ch, 4-CE/ch",Yes,No,Kioxia,TLC,96,3200,2200,Mid-Range NVMe,,,40,4.1,18858,No,https://amazon.com/dp/B07S1PNP4T
Kingston,KC2500,x4 PCIe 3.0/NVMe,M.2,250GB-2TB,250GB,2TB,SMI SM2262EN,"Dual-core, 8-ch, 4-CE/ch",Yes,No,Kioxia,TLC,96,3500,2900,Mid-Range NVMe,48.79,,216,4.6,21234,No,https://amazon.com/dp/B087QZ4PXW
Kingston,KC3000,x4 PCIe 4.0/NVMe,M.2,512GB-4TB,512GB,4TB,Phison E18,"Triple R5 + CoX, 8-ch, 4-CE/ch",Yes,N/A,Micron,TLC,176,7000,7000,High-End NVMe,46.4,330.5,1717,4.7,48782,Yes,https://amzn.to/3yxR6QR
Kingston,NV1,x4 PCIe 3.0/NVMe,M.2,500GB-2TB,500GB,2TB,SMI SM2263XT,"Dual-core, 4-ch, 4-CE/ch",No,Yes,Micron,TLC,176,2100,1700,Entry-Level NVMe,,,Unavailable,Unavailable,Unavailable,Unavailable,Unavailable
Kingston,NV2,x4 PCIe 4.0/NVMe,M.2,250GB-4TB,250GB,4TB,Phison E21T,"Single R5, 4-ch, 4-CE/ch",No,Yes,Kioxia,TLC,112,3500,2800,Entry-Level NVMe,29.99,219.99,14417,4.7,25809,No,https://amzn.to/3L6uMFI
Kingston,Q500,SATA/AHCI,2.5,120GB-960GB,120GB,960GB,Phison S11T/S13T,"Single-core, 2-ch, 8-CE/ch",No,N/A,Micron,TLC,64,500,450,Entry-Level SATA,29.99,59.49,1213,4.6,4726,No,https://amzn.to/46IqDjs
Kingston,UV500,SATA/AHCI,2.5 & M.2 ,120GB-1920GB,120GB,1920GB,Marvell 88SS1074,"Dual-core, 4-ch, 8-CE/ch",Yes,N/A,Micron,TLC,64,520,500,Mid-Range SATA,,,Unavailable,Unavailable,Unavailable,Unavailable,Unavailable
KingSpec,NX,x4 PCIe 3.0/NVMe,M.2,256GB-1TB,256GB,1TB,Maxio MAP1202,"Dual R5, 4x4",No,Yes,Intel,TLC,64,3400,3100,Entry-Level NVMe,29.99,76.99,254,4.4,24807,No,https://amazon.com/dp/B0BZVWR6Y5
KingSpec,P4,SATA/AHCI,2.5,120GB-480GB,120GB,480GB,Maxio MAS0902A,"Dual-core, 4-Ch, 8-CE/ch",No,N/A,Intel,QLC,64,560,520,Entry-Level SATA,,,Unavailable,Unavailable,Unavailable,Unavailable,Unavailable
Kingspec,XG 7000,x4 PCIe 4.0/NVMe,M.2,512GB-4TB,512GB,4TB,InnoGrit IG5236,"Quad-core, 4-Ch, 8-CE/ch",Yes,N/A,Intel,TLC,64,7500,6500,High-End NVMe,42.99,219.99,125,4.4,Unavailable,No,https://amazon.com/dp/B0C58GBT93
Kioxia,Exceria,x4 PCIe 3.0/NVMe,M.2,250GB-1TB,250GB,1TB,Phison E12C,"Dual R5 + CoX, 4-ch, 4-CE/ch",Yes,N/A,Kioxia,TLC,96,1700,1600,Entry-Level NVMe,,99.99,57,4.7,16668,No,https://amazon.com/dp/B087CPV6BR
Kioxia,Exceria Plus,x4 PCIe 3.0/NVMe,M.2,500GB-2TB,500GB,2TB,Phison E12S,"Dual R5 + CoX, 8-ch, 4-CE/ch",Yes,N/A,Kioxia,TLC,96,3400,3200,Mid-Range NVMe,,466.99,1,3,24649,No,https://amazon.com/dp/B087CPPP4L
Kioxia,Exceria Pro,x4 PCIe 4.0/NVMe,M.2,1TB-2TB,1TB,2TB,Phison E18,"Triple R5 + CoX, 8-ch, 4-CE/ch",Yes,N/A,Kioxia,TLC,112,7300,6400,High-End NVMe,,,Unavailable,Unavailable,45018,No,https://amazon.com/dp/B09MJMGG2C
Kioxia,Exceria SATA,SATA/AHCI,2.5,480GB-960GB,480GB,960GB,Phison S11T,"Single-core, 2-ch, 8-CE/ch",No,N/A,Kioxia,TLC,96,555,540,Entry-Level SATA,74.12,147.82,883,4.7,12487,No,https://amazon.com/dp/B087CPLJHX
KLEVV,CRAS C700/RGB,x4 PCIe 3.0/NVMe,M.2,120GB-480GB,120GB,480GB,SMI SM2263,"Dual-core, 4-ch, 4-CE/ch",Yes,No,Hynix,TLC,72,1500,1300,Entry-Level NVMe,,,Unavailable,Unavailable,11319,Unavailable,Unavailable
KLEVV,CRAS C710,x4 PCIe 3.0/NVMe,M.2,512GB-1TB,512GB,1TB,SMI SM2263XT,"Dual-core, 4-ch, 4-CE/ch",No,Yes,Micron,TLC,64,2100,1650,Entry-Level NVMe,28.99,43.99,308,4.5,13182,No,https://amzn.to/3LIJ12X
KLEVV,CRAS C720,x4 PCIe 4.0/NVMe,M.2,256GB-2TB,256GB,2TB,Phison E12S,"Dual R5 + CoX, 8-ch, 4-CE/ch",Yes,No,Micron,TLC,96,3400,3100,Mid-Range NVMe,,93.15,4,4,21896,No,https://amazon.com/dp/B09BCR2MV1
KLEVV,CRAS C920,x4 PCIe 4.0/NVMe,M.2,1TB-2TB,1TB,2TB,Phison E18,"Triple R5 + CoX, 8-ch, 4-CE/ch",Yes,N/A,Micron,TLC,96,7000,6850,High-End NVMe,,,Unavailable,Unavailable,Unavailable,Unavailable,Unavailable
KLEVV,CRAS C950,x4 PCIe 5.0/NVMe,M.2,1TB-4TB,1TB,4TB,Phison E26,"Dual DC R5 + 3xCoX, 8-ch, 4-CE/ch",Yes,N/A,Micron,TLC,232,12000,?,High-End NVMe,,,Unavailable,Unavailable,Unavailable,Unavailable,Unavailable
KLEVV,NEO N610,SATA/AHCI,2.5,256GB-1TB,256GB,1TB,SMI SM2258,"Single-core, 4-ch, 8-CE/ch",Yes,N/A,Micron,TLC,64+,560,520,High-End SATA,38.61,,980,4.6,Unavailable,No,https://amazon.com/dp/B0888VC8SX
Lexar,NS100,SATA/AHCI,2.5,128GB-2TB,128GB,2TB,Marvell 88NV1120,"Dual-core, 2-ch, 4-CE/ch",No,N/A,Micron,TLC,64,550,520,Entry-Level SATA,13.99,67.99,7692,4.7,4352,No,https://amzn.to/3JFSKX8
Lexar,NS200,SATA/AHCI,2.5,240GB-960GB,240GB,960GB,SMI SM2258,"Single-core, 4-ch, 8-CE/ch",Yes,N/A,Micron,TLC,64,550,510,High-End SATA,59.99,,33,4.7,Unavailable,No,https://amazon.com/dp/B07H6LBCSX
Lexar,NM210,SATA/AHCI,M.2,128GB-512GB,128GB,512GB,SMI SM2258,"Single-core, 4-ch, 8-CE/ch",Yes,N/A,Micron,TLC,64,550,510,High-End SATA,,95,25,4,Unavailable,No,https://amazon.com/dp/B07NPN64SZ
Lexar,NM500,x2 PCIe 3.0/NVMe,M.2,128GB-512GB,128GB,512GB,Marvell 88NV1160,"Dual-core, 4-ch, 4-CE/ch",No,Yes,Kioxia,TLC,64,1650,1000,Entry-Level NVMe,,,32,4.6,Unavailable,No,https://amazon.com/dp/B07NZ2NJ8B
Lexar,NM600,x4 PCIe 3.0/NVMe,M.2,240GB-480GB,240GB,480GB,SMI SM2263XT,"Dual-core, 4-ch, 4-CE/ch",No,Yes,Micron,TLC,64,2100,1600,Entry-Level NVMe,,,27,3.8,Unavailable,No,https://amazon.com/dp/B07NDHKF26
Lexar,NM610,x4 PCIe 3.0/NVMe,M.2,250GB-1TB,250GB,1TB,SMI SM2263XT,"Dual-core, 4-ch, 4-CE/ch",No,Yes,Micron,TLC,64,2100,1600,Entry-Level NVMe,,97.55,5,5,Unavailable,No,https://amazon.com/dp/B07YXRHCZ1
Lexar,NM610 Pro,x4 PCIe 3.0/NVMe,M.2,500GB-2TB,500GB,2TB,Maxio MAP1202,"Dual R5, 4x4",No,Yes,Micron,TLC,64,3300,2600,Entry-Level NVMe,,,Unavailable,Unavailable,Unavailable,Unavailable,Unavailable
Lexar,NM620,x4 PCIe 3.0/NVMe,M.2,512GB-1TB,512GB,1TB,Innogrit IG5216,"Dual-core, 4x4",No,Yes,Micron,TLC,96,3300,3000,Entry-Level NVMe,28,46.95,373,4.7,23065,No,https://amazon.com/dp/B08V1647LL
Lexar,NM700,x4 PCIe 3.0/NVMe,M.2,256GB-1TB,256GB,1TB,Marvell 88SS1092,"Tri-core, 8-ch, 8-CE/ch",Yes,N/A,Kioxia,TLC,96,3500,2000,Mid-Range NVMe,,,107,4.1,Unavailable,No,https://amazon.com/dp/B086HQ14HJ
Lexar,NM710,x4 PCIe 4.0/NVMe,M.2,500GB-2TB,500GB,2TB,Maxio MAP1602,"4-ch, 4-CE/ch",No,Yes,Micron,TLC,176,5000,4500,Mid-Range NVMe,32.99,89.99,372,4.7,35217,No,https://amzn.to/3LHT5Jy
Lexar,NM760,x4 PCIe 4.0/NVMe,M.2,512GB-1TB,512GB,1TB,SMI SM2269XT,"Dual-core R8, 4-ch",No,Yes,Micron,TLC,176,5300,4500,Mid-Range NVMe,,,Unavailable,Unavailable,23583,Unavailable,Unavailable
Lexar,NM790,x4 PCIe 4.0/NVMe,M.2,512GB-4TB,512GB,4TB,Maxio MAP1602,"R5, 4x8",No,Yes,YMTC,TLC,232,7400,6500,High-End NVMe,44.99,188.99,372,4.7,47425,Yes,https://amazon.com/dp/B0C91X5DZL
Lexar,NM800 (NM800PRO),x4 PCIe 4.0/NVMe,M.2,512GB-2TB,512GB,2TB,InnoGrit IG5236,"Quad-core, 8-ch",Yes,N/A,Micron,TLC,176,7400,5800,High-End NVMe,54.99,118.99,372,4.7,45923,No,https://amzn.to/3ZSeKmW
Lexar,NQ100,SATA/AHCI,2.5,240GB-960GB,240GB,960GB,Marvell 88NV1120,"Dual-core, 2-ch, 4-CE/ch",No,N/A,Micron,TLC,96,550,?,Entry-Level SATA,16.99,35.5,7692,4.7,3906,No,https://amzn.to/3XJYGnu
Maxtor,Z1,SATA/AHCI,2.5,240GB-960GB,240GB,960GB,Phison S11,"Single-core, 2-ch, 8-CE/ch",No,N/A,Kioxia,TLC,64,540,475,Entry-Level SATA,,,Unavailable,Unavailable,3742,Unavailable,Unavailable
MDSSD,BPX Pro,x4 PCIe 3.0/NVMe,M.2,240GB-2TB,240GB,2TB,Phison E12S,"Dual R5 + CoX, 8-ch, 4-CE/ch",Yes,No,Kioxia,TLC,64,3400,3100,Mid-Range NVMe,,,8,4,21642,No,https://amazon.com/dp/B07F992T5F
MDSSD,SBX,x2 PCIe 3.0/NVMe,M.2,128GB-1TB,128GB,1TB,Phison E8,"Dual-core, 4-ch, 8-CE/ch",Yes,No,Kioxia,TLC,64,1600,1300,Entry-Level NVMe,,,27,4.2,Unavailable,No,https://amazon.com/dp/B077GZ7449
MDSSD,SBXe,x2 PCIe 3.0/NVMe,M.2,120GB-480GB,120GB,480GB,Phison E8T,"Dual-core, 4-ch, 8-CE/ch",No,Yes,Kioxia,TLC,64,1600,1000,Entry-Level NVMe,,,13,3.9,Unavailable,No,https://amazon.com/dp/B07Q85PXRL
MDSSD,SBXe (2nd Gen),x4 PCIe 3.0/NVMe,M.2,120GB-960GB,120GB,960GB,Phison E13T,"Single-core, 4-ch, 8-CE/ch",No,Yes,Kioxia,TLC,64,2500,2100,Entry-Level NVMe,,,Unavailable,Unavailable,Unavailable,Unavailable,Unavailable
Micron,1100,SATA/AHCI,2.5 & M.2 ,275GB-1TB,275GB,1TB,Marvell 88SS1074,"Dual-core, 4-ch, 8-CE/ch",Yes,N/A,Micron,TLC,32,530,500,Mid-Range SATA,,199.99,9,4.9,4477,No,https://amazon.com/dp/B01K1JORAI
Micron,1300,SATA/AHCI,2.5 & M.2 ,256GB-1TB,256GB,1TB,Marvell 88SS1074,"Dual-core, 4-ch, 8-CE/ch",Yes,N/A,Micron,TLC,96,530,520,High-End SATA,69.95,159.95,2,4.2,4395,No,https://amazon.com/dp/B07P2F53F6
MSI,M370,x4 PCIe 3.0/NVMe,M.2,256GB-2TB,256GB,2TB,Phison E13T,"Single-core, 4-ch, 8-CE/ch",No,Yes,Kioxia,TLC,96,2400,1850,Entry-Level NVMe,,57.1,203,4.6,20058,Yes,https://amzn.to/43jDjuj
MSI,M371,x4 PCIe 3.0/NVMe,M.2,500GB-2TB,500GB,2TB,Phison E13T,"Single-core, 4-ch, 8-CE/ch",No,Yes,Intel,QLC,96,2000,1800,Entry-Level NVMe,,39.99,203,4.6,16559,Yes,https://amzn.to/43jDjuj
MSI,M372,x4 PCIe 3.0/NVMe,M.2,256GB-1TB,256GB,1TB,Phison E13T,"Single-core, 4-ch, 8-CE/ch",No,Yes,Intel,QLC,96,2400,2000,Entry-Level NVMe,,,Unavailable,Unavailable,18831,Unavailable,Unavailable
MSI,M390,x4 PCIe 3.0/NVMe,M.2,500GB-1TB,500GB,1TB,Phison E15T,"Single-core R5 + CoX, 4-ch, 8-CE/ch",No,Yes,Micron,TLC,176,3300,3000,Entry-Level NVMe,,,55,4.7,25185,No,https://amazon.com/dp/B09NKDP7QN
MSI,M450,x4 PCIe 4.0/NVMe,M.2,500GB-1TB,500GB,1TB,Phison E19T,"Single R5 + CoX, 4-ch, 8-CE/ch",No,Yes,Micron,TLC,96+,3600,3000,Entry-Level NVMe,29.99,49.99,175,4.8,28147,Yes,https://amzn.to/3rnkRnn
MSI,M470,x4 PCIe 4.0/NVMe,M.2,1TB-2TB,1TB,2TB,Phison E16,"Dual R5 + CoX, 8-ch, 4-CE/ch",Yes,No,Kioxia,TLC,96,5000,4400,Mid-Range NVMe,54.44,100.99,176,4.6,34947,Yes,https://amzn.to/46GX0iB
MSI,M471,x4 PCIe 4.0/NVMe,M.2,1TB-2TB,1TB,2TB,Phison E16,"Dual R5 + CoX, 8-ch, 4-CE/ch",Yes,No,Micron,QLC,96,4850,3600,Mid-Range NVMe,,,Unavailable,Unavailable,Unavailable,Unavailable,Unavailable
MSI,M480,x4 PCIe 4.0/NVMe,M.2,1TB-2TB,500GB,2TB,Phison E18,"Triple R5 + CoX, 8-ch, 4-CE/ch",Yes,N/A,Micron,TLC,96,7000,6850,High-End NVMe,71.99,124.75,27,4.8,44587,No,https://amzn.to/3RGZJUm
MSI,M480 PRO,x4 PCIe 4.0/NVMe,M.2,1TB-2TB,1TB,2TB,Phison E18,"Triple R5 + CoX, 8-ch, 4-CE/ch",Yes,N/A,Micron,TLC,176,7400,7000,High-End NVMe,,124.58,4,4.4,48048,No,https://amazon.com/dp/B0CBQSJSN9
MSI,M570,x4 PCIe 5.0/NVMe,M.2,1TB-2TB,1TB,2TB,Phison E26,"Dual DC R5 + 3xCoX, 8-ch, 4-CE/ch",Yes,N/A,Micron,TLC,232,10000,10000,High-End NVMe,124.75,269.99,12,4.7,69380,No,https://amzn.to/3LwWx9W
MSI,M570 Pro,x4 PCIe 5.0/NVMe,M.2,1TB-4TB,1TB,4TB,Phison E26,"Dual DC R5 + 3xCoX, 8-ch, 4-CE/ch",Yes,N/A,Micron,TLC,232,12400,10000,High-End NVMe,,,Unavailable,Unavailable,Unavailable,Unavailable,Unavailable
Mushkin,Alpha,x4 PCIe 3.0/NVMe,M.2,4TB-8TB,4TB,8TB,Phison E12S,"Dual R5 + CoX, 8-ch, 4-CE/ch",Yes,No,Micron,QLC,96,3300,3000,Mid-Range NVMe,,,18,3.5,Unavailable,No,https://amazon.com/dp/B08MT9V5WT
Mushkin,DELTA,x4 PCIe 4.0/NVMe,M.2,1TB-4TB,1TB,4TB,Phison E16,"Dual R5 + CoX, 8-ch, 4-CE/ch",Yes,No,Micron,QLC,96,4975,3975,Mid-Range NVMe,,,Unavailable,Unavailable,Unavailable,Unavailable,Unavailable
Mushkin,EON,x4 PCIe 4.0/NVMe,M.2,500GB-4TB,500GB,4TB,SMI SM2267,"DC (28nm R5), 4-ch, 8-CE/ch",Yes,No,Micron,QLC,96,4000,3000,Mid-Range NVMe,,,Unavailable,Unavailable,Unavailable,Unavailable,Unavailable
Mushkin,EON Pro,x4 PCIe 4.0/NVMe,M.2,Up to 16TB,Unavailable,16TB,SMI SM2264,"QC (12nm R8), 8-ch, 8-CE/ch",Yes,No,Micron,QLC,96,6400,3900,Mid-Range NVMe,,,Unavailable,Unavailable,Unavailable,Unavailable,Unavailable
Mushkin,GAMMA,x4 PCIe 4.0/NVMe,M.2,1TB-4TB,1TB,4TB,Phison E18,"Triple R5 + CoX, 8-ch, 4-CE/ch",Yes,N/A,Micron,TLC,96,7175,6800,High-End NVMe,,,58,4.7,Unavailable,No,https://amazon.com/dp/B09BQ2BF4R
Mushkin,Helix-L,x4 PCIe 3.0/NVMe,M.2,250GB-1TB,250GB,1TB,SMI SM2263XT,"Dual-core, 4-ch, 4-CE/ch",No,Yes,Micron,TLC,64,2110,1700,Entry-Level NVMe,32.8,74.99,560,4.7,Unavailable,No,https://amzn.to/3DaPnDq
Mushkin,Helix-LT,x4 PCIe 3.0/NVMe,M.2,500GB,Unavailable,500GB,SMI SM2263XT,"Dual-core, 4-ch, 4-CE/ch",No,Yes,Intel,QLC,64,2100,850,Entry-Level NVMe,,,Unavailable,Unavailable,Unavailable,Unavailable,Unavailable
Mushkin,Pilot,x4 PCIe 3.0/NVMe,M.2,250GB-1TB,250GB,1TB,SMI SM2262,"Dual-core, 8-ch, 4-CE/ch",Yes,No,Micron,TLC,64,2710,1775,Mid-Range NVMe,,143.68,58,4.1,17645,No,https://amazon.com/dp/B07CYDM17T
Mushkin,Pilot-E,x4 PCIe 3.0/NVMe,M.2,500GB-2TB,500GB,2TB,SMI SM2262EN,"Dual-core, 8-ch, 4-CE/ch",Yes,No,Micron,TLC,96,3500,3100,Mid-Range NVMe,49.99,94.99,255,4.6,Unavailable,No,https://amazon.com/dp/B08JPLRGYQ
Mushkin,Raw,SATA/AHCI,2.5,500GB-1TB,500GB,1TB,SMI SM2259XT,"Single-core, 4-ch, 4-CE/ch",No,N/A,Micron,TLC,96,560,510,Entry-Level SATA,49.58,,Unavailable,Unavailable,Unavailable,No,https://amazon.com/dp/B08LNYHZS1
Mushkin,Redline Vortex,x4 PCIe 4.0/NVMe,M.2,512GB-2TB,512GB,2TB,Innogrit IG5236,"Quad-core, 8-ch, 4-CE/ch",Yes,N/A,Micron,TLC,176,7415,6800,High-End NVMe,38.99,97.99,35,4.3,Unavailable,Yes,https://amzn.to/3JFSYxs
Mushkin,Reactor,SATA/AHCI,2.5,250GB-1TB,250GB,1TB,SMI SM2246EN,"Single-core, 4-ch, 8-CE/ch",Yes,N/A,Micron,MLC,96,560,460,Mid-Range SATA,,,436,4,4190,No,https://amazon.com/dp/B00PAFJJRA
Mushkin,Reactor LT,SATA/AHCI,2.5,250GB-500GB,250GB,500GB,SMI SM2246EN,"Single-core, 4-ch, 8-CE/ch",Yes,N/A,Micron,MLC,96,560,305,Mid-Range SATA,,,Unavailable,Unavailable,3712,Unavailable,Unavailable
Mushkin,Source,SATA/AHCI,2.5 & M.2 ,250GB-2TB,250GB,2TB,SMI SM2258XT,"Single-core, 4-ch, 4-CE/ch",No,N/A,Micron,TLC,64,560,520,Entry-Level SATA,,,Unavailable,Unavailable,2903,No,https://amazon.com/dp/B09FFYL4Z3
Mushkin,Source II,SATA/AHCI,2.5 & M.2 ,120GB-1TB,120GB,1TB,SMI SM2259XT,"Single-core, 4-ch, 4-CE/ch",No,N/A,Micron,TLC,96,560,515,Entry-Level SATA,23.82,61.58,309,4.6,Unavailable,No,https://amazon.com/dp/B07X593YH3
Mushkin,Tempest,x4 PCIe 3.0/NVMe,M.2,256GB-2TB,256GB,2TB,InnoGrit IG5216,"Dual-core, 4x4",No,Yes,Intel,TLC,96+,3300,2900,Entry-Level NVMe,19.99,74.99,66,4.5,Unavailable,No,https://amzn.to/48BludX
Mushkin,Triactor 3DL,SATA/AHCI,2.5,80GB-1TB,80GB,1TB,SMI SM2258XT,"Single-core, 4-ch, 4-CE/ch",No,N/A,Micron,TLC,64,550,505,Entry-Level SATA,,,9,3.1,3228,No,https://amazon.com/dp/B076HJ94FY
Mushkin,Triactor 3DX,SATA/AHCI,2.5,120GB-1TB,120GB,1TB,SMI SM2258,"Single-core, 4-ch, 8-CE/ch",Yes,N/A,Micron,TLC,64,565,530,High-End SATA,,,1,3,3957,No,https://amazon.com/dp/B07BFJ6K6M
Mushkin,Vortex LX,x4 PCIe 4.0/NVMe,M.2,512GB-2TB,512GB,2TB,Innogrit IG5220,"Tri-core R5, 4x8",No,Yes,Micron,TLC,96,4985,4775,Mid-Range NVMe,3899,97.99,35,4.3,Unavailable,No,https://amzn.to/3NeA4zM
Neo Forza,NFP400,x4 PCIe 4.0/NVMe,M.2,1TB-4TB,1TB,4TB,Innogrit IG5236,"Quad-core, 4-Ch, 8-CE/ch",Yes,N/A,YMTC,TLC,128,7400,6800,High-End NVMe,,,Unavailable,Unavailable,Unavailable,Unavailable,Unavailable
Neo Forza,NFP455,x4 PCIe 5.0/NVMe,M.2,1TB-2TB,1TB,2TB,Phison E26,"Dual DC R5 + 3xCoX, 8-ch, 4-CE/ch",Yes,N/A,Micron,TLC,232,10000,10000,High-End NVMe,,,Unavailable,Unavailable,Unavailable,Unavailable,Unavailable
Neo Forza,NFP495,x4 PCIe 4.0/NVMe,M.2,1TB-4TB,1TB,4TB,TenaFe TC2201,"Dual Cortex-M7, 4-ch, 4-CE/ch",No,Yes,YMTC,TLC,232,7200,6500,High-End NVMe,,,Unavailable,Unavailable,Unavailable,Unavailable,Unavailable
Neo Forza,Zion NFS01,SATA/AHCI,2.5,120GB-960GB,120GB,960GB,SMI SM2258XT,"Single-core, 4-ch, 4-CE/ch",No,N/A,Micron,TLC,64,560,520,Entry-Level SATA,,,7,3.6,3076,No,https://amazon.com/dp/B0791GBSRT
Neo Forza,Zion NFS06,SATA/AHCI,2.5,120GB-480GB,120GB,480GB,SMI SM2258,"Single-core, 4-ch, 8-CE/ch",Yes,N/A,Micron,TLC,64,560,510,High-End SATA,,,3,5,Unavailable,No,https://amazon.com/dp/B07569JVK4
Netac,NV3000,x4 PCIe 3.0/NVMe,M.2,250GB-1TB,250GB,1TB,Realtek RTS5766DL,4-Ch,No,Yes,YMTC,TLC,64/96+,3500,2100,Entry-Level NVMe,24.99,54.99,106,4.3,15453,No,https://amazon.com/dp/B0BFVWF96P
Netac,NV5000,x4 PCIe 4.0/NVMe,M.2,500GB-2TB,500GB,2TB,Phison E16,"Dual R5 + CoX, 8-ch, 4-CE/ch",Yes,No,Kioxia,TLC,96,5000,4400,Mid-Range NVMe,48.99,110.99,Unavailable,Unavailable,17427,No,https://amazon.com/dp/B0C3C15SV5
Netac,NV5000-t,x4 PCIe 4.0/NVMe,M.2,500GB-1TB,500GB,1TB,TenaFe TC2200,"Dual M7, 4x4",No,Yes,YMTC,TLC,128,4800,4600,Mid-Range NVMe,,,Unavailable,Unavailable,Unavailable,Unavailable,Unavailable
Netac,NV7000,x4 PCIe 4.0/NVMe,M.2,1TB-4TB,1TB,4TB,Phison E18,"Triple R5 + CoX, 8-ch, 4-CE/ch",Yes,N/A,Micron,TLC,176,7200,6850,High-End NVMe,45.99,278.99,343,4.5,44970,No,https://amzn.to/44fw73E
Netac,SA500,SATA/AHCI,2.5,240GB-1TB,240GB,1TB,SMI SM2259XT,"Single-core, 4-ch, 4-CE/ch",No,N/A,Micron,TLC,64,530,475,Entry-Level SATA,28.99,,106,4.3,2581,No,https://amazon.com/dp/B0BFVWF96P
Nextorage,NEM-PA,x4 PCIe 4.0/NVMe,M.2,1TB-4TB,1TB,4TB,Phison E18,"Triple R5 + CoX, 8-ch, 4-CE/ch",Yes,N/A,Micron,TLC,176,7000,6850,High-End NVMe,69.99,279.99,1894,4.7,47802,Yes,https://amzn.to/3LjoAdA
Orico,V500,x4 PCIe 3.0/NVMe,M.2,256GB-1TB,256GB,1TB,SMI SM2263XT,"Dual-core, 4-ch, 4-CE/ch",No,Yes,Micron,TLC,64,2070,1668,Entry-Level NVMe,29.99,150.44,40,4.7,10124,No,https://amazon.com/dp/B07ZNGKC56
Patriot,Burst,SATA/AHCI,2.5,120GB-960GB,120GB,960GB,Phison S11,"Single-core, 2-ch, 8-CE/ch",No,N/A,Kioxia,TLC,64,560,540,Entry-Level SATA,39.34,51.99,2601,4.6,4635,No,https://amzn.to/3ZEluVP
Patriot,Burst Elite,SATA/AHCI,2.5,120GB-1920GB,120GB,1920GB,SMI SM2259XT,"Single-core, 4-ch, 4-CE/ch",No,N/A,Intel,QLC,64,450,450,Entry-Level SATA,15.99,84.99,2262,4.5,3458,Yes,https://amazon.com/dp/B08LK8ZYJ1
Patriot,P200,SATA/AHCI,2.5,256GB-2TB,256GB,2TB,SMI SM2258XT,"Single-core, 4-ch, 4-CE/ch",No,N/A,Micron,TLC,64,530,460,Entry-Level SATA,,,188,4.5,3074,No,https://amazon.com/dp/B07SVXFNNH
Patriot,P210,SATA/AHCI,2.5,128GB-2TB,128GB,2TB,SMI SM2259XT,"Single-core, 4-ch, 4-CE/ch",No,N/A,Micron,TLC,64,520,430,Entry-Level SATA,15.99,85.99,2064,4.5,5626,No,https://amzn.to/3TcHkNP
Patriot,P220,SATA/AHCI,2.5,256GB-1TB,256GB,1TB,Maxio MAS1102,"ARM, 2x8",No,N/A,YMTC,TLC,64,,,Entry-Level SATA,45.39,145,108,4.7,10133,No,https://amazon.com/dp/B0BS9WKNXV
Patriot,P300,x4 PCIe 3.0/NVMe,M.2,128GB-2TB,128GB,2TB,Phison E13T,"Single-core, 4-ch, 8-CE/ch",No,Yes,Kioxia,TLC,96,2100,1650,Entry-Level NVMe,16.99,87.99,1642,4.6,12223,Yes,https://amzn.to/3yCfMaX
Patriot,P310,x4 PCIe 3.0/NVMe,M.2,240GB-1920GB,240GB,1920GB,Phison E13T,"Single-core, 4-ch, 8-CE/ch",No,Yes,Micron,TLC,176,2100,1800,Entry-Level NVMe,20.99,86.99,297,4.7,20893,No,https://amzn.to/3JGtjF5
Patriot,P400,x4 PCIe 4.0/NVMe,M.2,512GB-2TB,512GB,2TB,InnoGrit IG5220,"Tri-core R5, 4x8",No,Yes,Micron,TLC,176,5000,4800,Mid-Range NVMe,39.99,94.99,21,4.4,27869,No,https://amazon.com/dp/B09NPDRJVC
Patriot,PV553,x4 PCIe 5.0/NVMe,M.2,1TB-4TB,1TB,4TB,Phison E26,"Dual DC R5 + 3xCoX, 8-ch, 4-CE/ch",Yes,N/A,Micron,TLC,232,12400,11800,High-End NVMe,,,Unavailable,Unavailable,Unavailable,Unavailable,Unavailable
Patriot,Scorch,x2 PCIe 3.0/NVMe,M.2,128GB-512GB,128GB,512GB,Phison E8,"Dual-core, 4-ch, 8-CE/ch",Yes,No,Kioxia,TLC,64,1700,950,Entry-Level NVMe,,,247,4.4,9972,No,https://amazon.com/dp/B07951BDZH
Patriot,Viper VP4100,x4 PCIe 4.0/NVMe,M.2,1TB-2TB,1TB,2TB,Phison E16,"Dual R5 + CoX, 8-ch, 4-CE/ch",Yes,No,Kioxia,TLC,96,4800,4000,Mid-Range NVMe,,,50,4.4,29521,No,https://amazon.com/dp/B07W588KMQ
Patriot,Viper VP4300,x4 PCIe 4.0/NVMe,M.2,1TB-2TB,1TB,2TB,InnoGrit IG5236,"Quad-core, 8-ch",Yes,N/A,Micron,TLC,96,7400,6800,High-End NVMe,79.99,142.99,166,4.5,47589,No,https://amazon.com/dp/B08YZ5V3DD
Patriot,Viper VPN100,x4 PCIe 3.0/NVMe,M.2,256GB-2TB,256GB,2TB,Phison E12S,"Dual R5 + CoX, 8-ch, 4-CE/ch",Yes,No,Kioxia,TLC,64,3400,3000,Mid-Range NVMe,,,623,4.6,21667,No,https://amazon.com/dp/B07PB2ZZPL
Patriot,Viper VPN110,x4 PCIe 3.0/NVMe,M.2,512GB-2TB,512GB,2TB,Phison E12S,"Dual R5 + CoX, 8-ch, 4-CE/ch",Yes,No,Kioxia,TLC,64,3300,3000,Mid-Range NVMe,35.99,166.99,57,4.3,24727,No,https://amzn.to/3PGytCH
Patriot,Viper VPR100,x4 PCIe 3.0/NVMe,M.2,256GB-2TB,256GB,2TB,Phison E12S,"Dual R5 + CoX, 8-ch, 4-CE/ch",Yes,No,Kioxia,TLC,64,3300,2900,Mid-Range NVMe,,,158,4.4,19860,No,https://amazon.com/dp/B07Z6PGWGR
Patriot,Viper VPR400,x4 PCIe 4.0/NVMe,M.2,512GB-1TB,512GB,1TB,InnoGrit IG5220,"Tri-core R5, 4x8",No,Yes,Micron,TLC,176,5000,4600,Mid-Range NVMe,52.99,119.99,36,3.9,Unavailable,No,https://amzn.to/46t1Wqr
Pioneer,APS-SE20G,x4 PCIe 3.0/NVMe,M.2,256GB-2TB,256GB,2TB,Phison E12S,"Dual R5 + CoX, 8-ch, 4-CE/ch",Yes,No,Kioxia,TLC,64,3400,3000,Mid-Range NVMe,61.23,176.19,845,4.7,18749,No,https://amzn.to/3PGywyn
Pioneer,APS-SE20Q,x4 PCIe 3.0/NVMe,M.2,500GB-2TB,500GB,2TB,Phison E12S,"Dual R5 + CoX, 8-ch, 4-CE/ch",Yes,No,Micron,QLC,96,3400,3000,Mid-Range NVMe,,,695,4.6,16481,No,https://amazon.com/dp/B07T5BHCLL
Pioneer,APS-SL3,SATA/AHCI,2.5,240GB-1TB,240GB,1TB,Phison S11,"Single-core, 2-ch, 8-CE/ch",No,N/A,Kioxia,TLC,64,550,500,Entry-Level SATA,69,,3058,4.6,3496,No,https://amazon.com/dp/B07P1Y853M
Plextor,M8V/M8VG,SATA/AHCI,2.5 & M.2,128GB-512GB,128GB,512GB,SMI SM2258,"Single-core, 4-ch, 8-CE/ch",Yes,N/A,Kioxia,TLC,64,560,520,Mid-Range SATA,,,Unavailable,Unavailable,4676,Unavailable,Unavailable
Plextor,M8V Plus,SATA/AHCI,2.5 & M.2,256GB-1TB,256GB,1TB,SMI SM2258,"Single-core, 4-ch, 8-CE/ch",Yes,N/A,Kioxia,TLC,96,560,520,High-End SATA,,,Unavailable,Unavailable,Unavailable,Unavailable,Unavailable
Plextor,M10e,x4 PCIe 4.0/NVMe,M.2,256GB-1TB,256GB,1TB,SM2267XT,"Dual R5, 4x4",No,Yes,Kioxia,TLC,112,3700,2600,Entry-Level NVMe,,,Unavailable,Unavailable,Unavailable,Unavailable,Unavailable
Plextor,S3C/G,SATA/AHCI,2.5 & M.2 ,128GB-512GB,128GB,512GB,SMI SM2254,"Single-core, 4-ch, 8-CE/ch",Yes,No,Hynix,TLC,N/A,550,500,Entry-Level SATA,,,Unavailable,Unavailable,2861,Unavailable,Unavailable
PNY,CS1030,x4 PCIe 3.0/NVMe,M.2,250GB-2TB,250GB,2TB,Phison E13T,"Single-core, 4-ch, 8-CE/ch",No,Yes,YMTC,TLC/QLC,64+,2100,1900,Entry-Level NVMe,28.49,89.31,1035,4.7,16025,No,https://amzn.to/3yFQ8Cu
PNY,CS1031,x4 PCIe 3.0/NVMe,M.2,256GB-2TB,256GB,2TB,Phison E13T,"Single-core, 4-ch, 8-CE/ch",No,Yes,YMTC,TLC,64+,2400,1750,Entry-Level NVMe,,,Unavailable,Unavailable,17963,Unavailable,Unavailable
PNY,CS1311,SATA/AHCI,2.5,120GB-2TB,120GB,2TB,Phison S10,"Quad-core, 8-ch, 4-CE/ch",Yes,N/A,Kioxia,TLC,64,550,520,Mid-Range SATA,,,2020,4.6,4098,No,https://amazon.com/dp/B019H3B3OW
PNY,CS2040,SATA/AHCI,2.5,128GB-1TB,128GB,1TB,Phison S11,"Single-core, 2-ch, 8-CE/ch",No,N/A,Kioxia,TLC,64,560,540,Entry-Level SATA,,,Unavailable,Unavailable,Unavailable,Unavailable,Unavailable
PNY,CS2130,x4 PCIe 3.0/NVMe,M.2,500GB-4TB,500GB,4TB,Phison E12S,"Dual R5 + CoX, 8-ch, 4-CE/ch",Yes,No,Intel,QLC,96,3500,3000,Mid-Range NVMe,96.12,599.99,1586,4.7,17737,No,https://amzn.to/3PZHjNl
PNY,CS2140,x4 PCIe 4.0/NVMe,M.2,250GB-2TB,250GB,2TB,Phison E19T,"Single R5 + CoX, 4-ch, 8-CE/ch",No,Yes,Micron,TLC,176,3600,3200,Entry-Level NVMe,43.59,99.99,269,4.7,24827,Yes,https://amzn.to/409sKZt
PNY,CS2230,x4 PCIe 3.0/NVMe,M.2,500GB-1TB,500GB,1TB,Maxio MAP1202,"Dual R5, 4x4",No,Yes,Micron,TLC,176,3300,2600,Entry-Level NVMe,36.29,89.04,55,4.5,22683,No,https://amzn.to/3JEQJuj
PNY,CS2241,x4 PCIe 4.0/NVMe,M.2,500GB-4TB,500GB,4TB,Phison E21T,"Single R5, 4-ch, 4-CE/ch",No,Yes,Micron,TLC,176,5000,4200,Mid-Range NVMe,35.99,219.99,44,4.6,31872,No,https://amazon.com/dp/B0BXT97SMW
PNY,CS2311,SATA/AHCI,2.5,250GB-2TB,250GB,2TB,Phison S12,"Quad-core, 8-ch, 4-CE/ch",Yes,N/A,Kioxia,TLC,64/96,550,500,Mid-Range SATA,,,131,4.6,4116,No,https://amazon.com/dp/B07RV71GZV
PNY,CS3030,x4 PCIe 3.0/NVMe,M.2,500GB-4TB,500GB,4TB,Phison E12S,"Dual R5 + CoX, 8-ch, 4-CE/ch",Yes,No,Kioxia,TLC,64,3500,3100,Mid-Range NVMe,58.99,499.99,4566,4.7,24130,No,https://amzn.to/3LHap1g
PNY,CS3040,x4 PCIe 4.0/NVMe,M.2,500GB-4TB,500GB,4TB,Phison E16,"Dual R5 + CoX, 8-ch, 4-CE/ch",Yes,No,Kioxia,TLC,96,5600,4300,Mid-Range NVMe,60.04,182.65,481,4.7,33425,No,https://amzn.to/3ZAn5Nh
PNY,CS3140,x4 PCIe 4.0/NVMe,M.2,1TB-4TB,1TB,4TB,Phison E18,"Triple R5 + CoX, 8-ch, 4-CE/ch",Yes,N/A,Micron,TLC,96,7500,6850,High-End NVMe,80.03,262.34,371,4.6,46416,No,https://amzn.to/404bCod
PNY,CS4040,x4 PCIe 4.0/NVMe,M.2,512GB-2TB,512GB,2TB,Phison E16,"Dual R5 + CoX, 8-ch, 4-CE/ch",Yes,No,Kioxia,TLC,96,4800,4000,Mid-Range NVMe,,,Unavailable,Unavailable,Unavailable,Unavailable,Unavailable
PNY,CS900,SATA/AHCI,2.5,240GB-4TB,240GB,4TB,Phison S11,"Single-core, 2-ch, 8-CE/ch",No,N/A,Micron,TLC,64,550,515,Entry-Level SATA,19.8,165.99,19087,4.7,4050,No,https://amzn.to/429uJyW
Sabrent,Rocket,x4 PCIe 3.0/NVMe,M.2,256GB-4TB,256GB,4TB,Phison E12S,"Dual R5 + CoX, 8-ch, 4-CE/ch",Yes,No,Kioxia,TLC,64,3400,3000,Mid-Range NVMe,24.99,299.99,19682,4.7,19872,No,https://amzn.to/3ZSsFtB
Sabrent,Rocket 2230,x4 PCIe 4.0/NVMe,M.2,256GB-2TB,256GB,2TB,Phison E21T,"Single R5, 4-ch, 4-CE/ch",No,Yes,Micron,TLC,176,4750,4300,Mid-Range NVMe,39.99,199.95,1569,4.8,Unavailable,Yes,https://amzn.to/3ZDnJIU
Sabrent,Rocket 2242,x4 PCIe 3.0/NVMe,M.2,512GB-2TB,512GB,2TB,Phison E13T,"Single-core, 4-ch, 8-CE/ch",No,Yes,Kioxia,TLC,96,2500,2100,Entry-Level NVMe,49.99,124.99,1775,4.5,Unavailable,No,https://amzn.to/3FmyAip
Sabrent,Rocket 4.0,x4 PCIe 4.0/NVMe,M.2,512GB-2TB,512GB,2TB,Phison E16,"Dual R5 + CoX, 8-ch, 4-CE/ch",Yes,No,Kioxia,TLC,96,5000,4400,Mid-Range NVMe,39.99,119.99,13027,4.6,33251,Yes,https://amzn.to/3mHD1Oj
Sabrent,Rocket 4 Plus,x4 PCIe 4.0/NVMe,M.2,500GB-4TB,500GB,4TB,Phison E18,"Triple R5 + CoX, 8-ch, 4-CE/ch",Yes,N/A,Micron,TLC,96,7000,6850,High-End NVMe,49.99,419.99,2511,4.7,42646,No,https://amzn.to/424seOy
Sabrent,Rocket 4 Plus (8TB),x4 PCIe 4.0/NVMe,M.2,8TB,Unavailable,8TB,Phison E18,"Triple R5 + CoX, 8-ch, 4-CE/ch",Yes,N/A,Kioxia,TLC,112,7400,6600,High-End NVMe,,999.99,2511,4.7,Unavailable,No,https://amzn.to/424seOy
Sabrent,Rocket 4 Plus-G,x4 PCIe 4.0/NVMe,M.2,1TB-4TB,1TB,4TB,Phison E18,"Triple R5 + CoX, 8-ch, 4-CE/ch",Yes,N/A,Micron,TLC,176,7000,6850,High-End NVMe,89.99,399.99,139,4.8,50695,No,https://amzn.to/3YANGaP
Sabrent,Rocket X5,x4 PCIe 5.0/NVMe,M.2,1TB-8TB,1TB,8TB,Phison E26,"Dual DC R5 + 3xCoX, 8-ch, 4-CE/ch",Yes,N/A,Micron,TLC,232,,,High-End NVMe,,,Unavailable,Unavailable,Unavailable,Unavailable,Unavailable
Sabrent,Rocket Q,x4 PCIe 3.0/NVMe,M.2,500GB-8TB,500GB,8TB,Phison E12S,"Dual R5 + CoX, 8-ch, 4-CE/ch",Yes,No,Micron,QLC,96,3300,3000,Mid-Range NVMe,29.99,799.99,10650,4.7,21444,No,https://amzn.to/3l9J8dY
Sabrent,Rocket Q4,x4 PCIe 4.0/NVMe,M.2,1TB-4TB,1TB,4TB,Phison E16,"Dual R5 + CoX, 8-ch, 4-CE/ch",Yes,No,Micron,QLC,96,4900,3500,Mid-Range NVMe,186.13,412.87,1369,4.7,23632,No,https://amzn.to/3J8ohzB
Samsung,860 EVO,SATA/AHCI,2.5 & M.2 ,250GB-4TB,250GB,4TB,Samsung MJX,"Tri-core, 8-ch, 8-CE/ch",Yes,N/A,Samsung,TLC,64,550,520,High-End SATA,49.49,332.99,75911,4.8,5549,No,https://amazon.com/dp/B078DPCY3T
Samsung,860 Pro,SATA/AHCI,2.5,256GB-4TB,256GB,4TB,Samsung MJX,"Tri-core, 8-ch, 8-CE/ch",Yes,N/A,Samsung,MLC,64,560,530,High-End SATA,109.99,1100,3231,4.8,5124,Yes,https://amazon.com/dp/B07836C6YV
Samsung,860 QVO,SATA/AHCI,2.5,1TB-4TB,1TB,4TB,Samsung MJX,"Tri-core, 8-ch, 8-CE/ch",Yes,N/A,Samsung,QLC,64,550,520,Entry-Level SATA,74,424.65,14624,4.8,4384,No,https://amazon.com/dp/B07L3D19MY
Samsung,870 EVO,SATA/AHCI,2.5,250GB-4TB,250GB,4TB,Samsung MKX,"Tri-core, 8-ch, 8-CE/ch",Yes,N/A,Samsung,TLC,128,560,530,High-End SATA,31.99,220.47,34625,4.8,8600,Yes,https://amzn.to/3ZHrr4c
Samsung,870 QVO,SATA/AHCI,2.5,1TB-8TB,1TB,8TB,Samsung MKX,"Tri-core, 8-ch, 8-CE/ch",Yes,N/A,Samsung,QLC,9x,560,530,Entry-Level SATA,74.99,339.99,19124,4.8,8707,Yes,https://amzn.to/3FiTVJr
Samsung,960 EVO,x4 PCIe 3.0/NVMe,M.2,250GB-1TB,250GB,1TB,Samsung Polaris,"Penta-core, 8-ch, 8-CE/ch",Yes,No,Samsung,TLC,48,3200,1900,Mid-Range NVMe,57.99,149.99,4059,4.8,17794,No,https://amazon.com/dp/B01M20VBU7
Samsung,960 Pro,x4 PCIe 3.0/NVMe,M.2,512GB-2TB,512GB,2TB,Samsung Polaris,"Penta-core, 8-ch, 8-CE/ch",Yes,No,Samsung,MLC,48,3500,2100,Mid-Range NVMe,94.39,854.5,805,4.7,18999,No,https://amazon.com/dp/B01LXS4TYB
Samsung,970 EVO,x4 PCIe 3.0/NVMe,M.2,250GB-2TB,250GB,2TB,Samsung Phoenix,"Penta-core, 8-ch, 8-CE/ch",Yes,No,Samsung,TLC,64,3500,2500,Mid-Range NVMe,44.99,199.99,37015,4.9,23076,No,https://amazon.com/dp/B07BN4NJ2J
Samsung,970 EVO Plus,x4 PCIe 3.0/NVMe,M.2,250GB-2TB,250GB,2TB,Samsung Phoenix,"Penta-core, 8-ch, 8-CE/ch",Yes,No,Samsung,TLC,96 (92),3500,3300,Mid-Range NVMe,44.95,116.49,54586,4.8,26348,No,https://amzn.to/3LfxMQ4
Samsung,970 Pro,x4 PCIe 3.0/NVMe,M.2,512GB-1TB,512GB,1TB,Samsung Phoenix,"Penta-core, 8-ch, 8-CE/ch",Yes,No,Samsung,MLC,64,3500,2700,Mid-Range NVMe,83.5,399.99,2870,4.8,23749,Yes,https://amazon.com/dp/B07BYHGNB5
Samsung,980,x4 PCIe 3.0/NVMe,M.2,250GB-1TB,250GB,1TB,Samsung Pablo,"Cortex-R5, 4x4",No,Yes,Samsung,TLC,128,3500,3000,Entry-Level NVMe,43.99,64.99,20058,4.8,21917,Yes,https://amzn.to/3JsjDgZ
Samsung,980 Pro,x4 PCIe 4.0/NVMe,M.2,250GB-2TB,250GB,2TB,Samsung Elpis,"Cortex-R8, 8x8",Yes,N/A,Samsung,TLC,128 (136),7000,5000,High-End NVMe,64.99,119.43,35142,4.8,42275,Yes,https://amzn.to/3LfsrIv
Samsung,990 Pro,x4 PCIe 4.0/NVMe,M.2,1TB-4TB,1TB,4TB,Samsung Pascal,"Cortex-R8, 8x8",Yes,N/A,Samsung,TLC,176,7450,6900,High-End NVMe,79.49,279.99,3017,4.8,53407,Yes,https://amzn.to/3J52zfN
SanDisk,Extreme Pro NVMe,x4 PCIe 3.0/NVMe,M.2,500GB-1TB,500GB,1TB,WD Proprietary,"Tri-core, 8-ch, 8-CE/ch",Yes,No,SanDisk,TLC,64,3400,2800,High-End NVMe,49.98,199.99,2461,4.8,22467,No,https://amazon.com/dp/B07BSSFB4N
SanDisk,Extreme Pro NVMe v2,x4 PCIe 3.0/NVMe,M.2,1TB-2TB,1TB,2TB,WD Proprietary,"Tri-core, 8-ch, 8-CE/ch",Yes,No,SanDisk,TLC,96,2000,2000,Mid-Range NVMe,,,Unavailable,Unavailable,Unavailable,Unavailable,Unavailable
SanDisk,SSD Plus,SATA/AHCI,2.5,240GB-2TB,240GB,2TB,SMI SM2256S,"Single-core, 4-ch, 8-CE/ch",No,N/A,SanDisk/Kioxia,TLC,N/A,545,450,Entry-Level SATA,25.4,114.94,74008,4.7,2655,No,https://amzn.to/3ZOx0hx
SanDisk,Ultra,x4 PCIe 3.0/NVMe,M.2,250GB-1TB,250GB,1TB,WD Proprietary,"Tri-core, 4-ch, 8-CE/ch",No,Yes,SanDisk,TLC,96,2400,1950,Entry-Level NVMe,,,Unavailable,Unavailable,8561,Unavailable,Unavailable
SanDisk,Ultra 3D,SATA/AHCI,2.5,500GB-2TB,500GB,2TB,Marvell 88SS1074,"Dual-core, 4-ch, 8-CE/ch",Yes,N/A,SanDisk,TLC,64,550,525,High-End SATA,44.99,248.39,34343,4.8,31203,No,https://amzn.to/3FcX2CI
Seagate,BarraCuda,SATA/AHCI,2.5,250GB-8TB,250GB,8TB,Phison S10,"Quad-core, 8-ch, 4-CE/ch",Yes,N/A,Kioxia,TLC,64,560,540,Mid-Range SATA,,123.99,108558,4.7,4317,Yes,https://amazon.com/dp/B07H289S7C
Seagate,BarraCuda 120,SATA/AHCI,2.5,250GB-2TB,250GB,2TB,Phison S12,"Dual-R5 + CoX, 8x8",Yes,N/A,Kioxia,TLC,96,560,540,High-End SATA,,,3348,4.8,5254,No,https://amazon.com/dp/B07ZPRK6KD
Seagate,BarraCuda 510,x4 PCIe 3.0/NVMe,M.2,250GB-1TB,250GB,1TB,Phison E12S,"Dual R5 + CoX, 8-ch, 4-CE/ch",Yes,No,Kioxia,TLC,64,3400,2180,Mid-Range NVMe,,109.99,3348,4.8,23567,No,https://amazon.com/dp/B07ZPRK68X
Seagate,FireCuda 510,x4 PCIe 3.0/NVMe,M.2,1TB-2TB,1TB,2TB,Phison E12S,"Dual R5 + CoX, 8-ch, 4-CE/ch",Yes,No,Kioxia,TLC,64,3450,3200,Mid-Range NVMe,115,,198,4.8,23955,No,https://amazon.com/dp/B07QRC1Z94
Seagate,FireCuda 520,x4 PCIe 4.0/NVMe,M.2,500GB-2TB,500GB,2TB,Phison E16,"Dual R5 + CoX, 8-ch, 4-CE/ch",Yes,No,Kioxia,TLC,96,5500,4400,Mid-Range NVMe,66,144.98,11113,4.8,31867,No,https://amazon.com/dp/B07ZPRPFQY
Seagate,FireCuda 530,x4 PCIe 4.0/NVMe,M.2,500GB-4TB,500GB,4TB,Phison E18,"Triple R5 + CoX, 8-ch, 4-CE/ch",Yes,N/A,Micron,TLC,176,7300,6900,High-End NVMe,59.99,297.95,11089,4.8,47724,No,https://amzn.to/3ZzD39j
Seagate,FireCuda 540,x4 PCIe 5.0/NVMe,M.2,1TB-4TB,1TB,4TB,Phison E26,"Dual DC R5 + 3xCoX, 8-ch, 4-CE/ch",Yes,N/A,Micron,TLC,232,10000,10000,High-End NVMe,179.99,749.99,11089,4.8,Unavailable,No,https://amzn.to/3RxEpAo
Seagate,BarraCuda Q5,x4 PCIe 3.0/NVMe,M.2,500GB-2TB,500GB,2TB,Phison E13T,"Single-core, 4-ch, 8-CE/ch",No,Yes,Intel,QLC,96,2400,1800,Entry-Level NVMe,68.99,251.99,108558,4.7,14533,No,https://amazon.com/dp/B08LB9TMYK
Silicon Power,A55/S55,SATA/AHCI,2.5 & M.2,1TB-4TB,1TB,4TB,SMI SM2258XT,"Single-core, 4-ch, 4-CE/ch",No,N/A,Micron,TLC,64,560,530,Entry-Level SATA,42.89,149.99,7794,4.5,Unavailable,No,https://amzn.to/3Jiw3XD
Silicon Power,A58,SATA/AHCI,2.5,128GB-4TB,128GB,4TB,Phison S11,"Single-core, 2-ch, 8-CE/ch",No,N/A,Kioxia,TLC,64,480,510,Entry-Level SATA,19.97,169.99,9074,4.6,Unavailable,No,https://amazon.com/dp/B0C69NT8RX
Silicon Power,P32A80,x2 PCIe 3.0/NVMe,M.2,128GB-512GB,128GB,512GB,Phison E8T,"Dual-core, 4-ch, 8-CE/ch",No,Yes,Kioxia,TLC,64,1600,1000,Entry-Level NVMe,38.13,80.38,5,3.8,Unavailable,No,https://amazon.com/dp/B07B8ZS8RS
Silicon Power,P34A60,x4 PCIe 3.0/NVMe,M.2,256GB-2TB,256GB,2TB,SM2263XT,"Dual-core, 4-ch, 4-CE/ch",No,Yes,Micron/Kioxia,TLC,96,2200,1600,Entry-Level NVMe,24.97,94.99,9272,4.6,Unavailable,Yes,https://amazon.com/dp/B07ZQ97H3W
Silicon Power,P34A80,x4 PCIe 3.0/NVMe,M.2,1TB-2TB,1TB,2TB,Phison E12S,"Dual R5 + CoX, 8-ch, 4-CE/ch",Yes,No,Kioxia,TLC,64,3200,3000,Mid-Range NVMe,49.99,79.99,2410,4.5,Unavailable,No,https://amzn.to/40bKHXH
Silicon Power,UD70,x4 PCIe 3.0/NVMe,M.2,500GB-2TB,500GB,2TB,Phison E12S,"Dual R5 + CoX, 8-ch, 4-CE/ch",Yes,No,Micron,QLC,96,3400,3000,Mid-Range NVMe,,,163,4.7,Unavailable,No,https://amazon.com/dp/B08GKNJKZY
Silicon Power,UD80,x4 PCIe 3.0/NVMe,M.2,1TB-2TB,1TB,2TB,Innogrit IG5216,"Dual-core, 4x4",No,Yes,Micron,TLC,96,3400,3000,Entry-Level NVMe,44.99,79.99,2411,4.5,Unavailable,No,https://amazon.com/dp/B07QR8LD7Y
Silicon Power,UD85,x4 PCIe 4.0/NVMe,M.2,1TB-2TB,1TB,2TB,Phison E19T,"Single R5 + CoX, 4-ch, 8-CE/ch",No,Yes,YMTC,TLC,96,3600,2800,Entry-Level NVMe,48.97,79.99,2411,4.5,Unavailable,No,https://amazon.com/dp/B07QR8LD7Y
Silicon Power,UD90,x4 PCIe 4.0/NVMe,M.2,1TB-4TB,1TB,4TB,Phison E21T,"Single R5, 4-ch, 4-CE/ch",No,Yes,Micron,TLC,176,4800,4200,Mid-Range NVMe,52.99,169.97,893,4.5,Unavailable,Yes,https://amzn.to/424z4Dq
Silicon Power,US70,x4 PCIe 4.0/NVMe,M.2,1TB-2TB,1TB,2TB,Phison E16,"Dual R5 + CoX, 8-ch, 4-CE/ch",Yes,No,Kioxia,TLC,96,5000,4400,Mid-Range NVMe,,,96,4.6,Unavailable,No,https://amazon.com/dp/B089M1873S
Silicon Power,XS80,x4 PCIe 5.0/NVMe,M.2,1TB-2TB,1TB,2TB,Phison E26,"Dual DC R5 + 3xCoX, 8-ch, 4-CE/ch",Yes,N/A,Micron,TLC,232,10000,10000,High-End NVMe,,,Unavailable,Unavailable,Unavailable,Unavailable,Unavailable
Silicon Power,XS70,x4 PCIe 4.0/NVMe,M.2,1TB-4TB,1TB,4TB,Phison E18,"Triple R5 + CoX, 8-ch, 4-CE/ch",Yes,N/A,Micron,TLC,176,7300,6800,High-End NVMe,69.99,223.97,949,4.6,Unavailable,No,https://amzn.to/3JXcKUT
Solidigm,P41 Plus,x4 PCIe 4.0/NVMe,M.2,512GB-2TB,512GB,2TB,SMI SM2269XT,"Dual-core R8, 4-ch",No,Yes,Solidigm,QLC,144,4125,3325,Entry-Level NVMe,32.66,106.75,209,4.7,24944,No,https://amzn.to/41Sl1Rk
Solidigm,P44 Pro,x4 PCIe 4.0/NVMe,M.2,512GB-2TB,512GB,2TB,Aries,"R8 + M7 + 2xR8, 8x4",Yes,No,Hynix,TLC,176,7000,6500,High-End NVMe,55.9,184.9,153,4.7,50600,No,https://amzn.to/3YvZgnH
TC Sunbow,X3,SATA/AHCI,2.5,60GB-1TB,60GB,1TB,SMI SM2258,"Single-core, 4-ch, 8-CE/ch",Yes,No,Micron,TLC,64,560,510,Mid-Range SATA,,,1218,4.4,3991,No,https://amazon.com/dp/B077C2TYVN
Team,Cardea II,x4 PCIe 3.0/NVMe,M.2,256GB-1TB,256GB,1TB,Phison E12S,"Dual R5 + CoX, 8-ch, 4-CE/ch",Yes,No,Micron,TLC,64,3400,3000,Mid-Range NVMe,,,Unavailable,Unavailable,Unavailable,Unavailable,Unavailable
Team,Cardea A440,x4 PCIe 4.0/NVMe,M.2,1TB-2TB,1TB,2TB,Phison E18,"Triple R5 + CoX, 8-ch, 4-CE/ch",Yes,N/A,Micron,TLC,96,7000,6900,High-End NVMe,89.99,129.99,10,5,12395,No,https://amzn.to/3JubXeg
Team,Cardea A440 Pro,x4 PCIe 4.0/NVMe,M.2,1TB-4TB,1TB,4TB,Phison E18,"Triple R5 + CoX, 8-ch, 4-CE/ch",Yes,N/A,Micron,TLC,176,7400,7000,High-End NVMe,94.04,219.99,996,4.7,Unavailable,No,https://amazon.com/dp/B09JCCJSCN
Team,Cardea Ceramic C440,x4 PCIe 4.0/NVMe,M.2,1TB-2TB,1TB,2TB,Phison E16,"Dual R5 + CoX, 8-ch, 4-CE/ch",Yes,No,Kioxia,TLC,96,5000,4400,Mid-Range NVMe,379,,29,4.5,15356,No,https://amazon.com/dp/B08DTGXQX5
Team,Cardea Liquid,x4 PCIe 3.0/NVMe,M.2,256GB-1TB,256GB,1TB,Phison E12S,"Dual R5 + CoX, 8-ch, 4-CE/ch",Yes,No,Kioxia,TLC,64,3400,3000,Mid-Range NVMe,,,12,4.3,17171,No,https://amazon.com/dp/B07V6RS7T8
Team,Cardea Z44Q,x4 PCIe 4.0/NVMe,M.2,2TB-4TB,2TB,4TB,Phison E16,"Dual R5 + CoX, 8-ch, 4-CE/ch",Yes,No,Intel,QLC,96,5000,4000,Mid-Range NVMe,84.99,180.38,996,4.7,25568,No,https://amazon.com/dp/B0989X7723
Team,Cardea Zero,x4 PCIe 4.0/NVMe,M.2,256GB-1TB,256GB,1TB,Phison E16,"Dual R5 + CoX, 8-ch, 4-CE/ch",Yes,No,Kioxia,TLC,96,4800,4000,Mid-Range NVMe,,,Unavailable,Unavailable,Unavailable,Unavailable,Unavailable
Team,Cardea Zero Z330,x4 PCIe 3.0/NVMe,M.2,512GB-2TB,512GB,2TB,Phison E13T,"Single-core, 4-ch, 8-CE/ch",No,Yes,Kioxia,TLC,64/96,2100,1700,Entry-Level NVMe,86.48,103.86,1017,4.6,17695,No,https://amzn.to/3YLh26w
Team,Cardea Zero Z440,x4 PCIe 4.0/NVMe,M.2,1TB-2TB,1TB,2TB,Phison E16,"Dual R5 + CoX, 8-ch, 4-CE/ch",Yes,No,Kioxia,TLC,96,5000,4400,Mid-Range NVMe,53.82,97.48,991,4.7,33410,No,https://amzn.to/3JkmdV6
Team,Delta RGB,SATA/AHCI,2.5,512GB-1TB,512GB,1TB,SMI SM2258,"Single-core, 4-ch, 8-CE/ch",Yes,N/A,Micron,TLC,32/64,560,510,Mid-Range SATA,51.99,,849,4.6,Unavailable,Yes,https://amazon.com/dp/B09GG4KMZZ
Team,EX2,SATA/AHCI,2.5,512GB-16TB,512GB,16TB,SMI SM2258XT,"Single-core, 4-ch, 4-CE/ch",No,N/A,Hynix,TLC,72,550,520,Entry-Level SATA,31.03,1699.99,8551,4.6,Unavailable,No,https://amazon.com/dp/B0C3M4JPG4
Team,CX2,SATA/AHCI,2.5,256GB-2TB,256GB,2TB,SMI SM2258XT,"Single-core, 4-ch, 4-CE/ch",No,N/A,Hynix,TLC,64,540,490,Entry-Level SATA,24.99,99.99,7,4.3,Unavailable,No,https://amzn.to/42daiB9
Team,GX1,SATA/AHCI,2.5,120GB-960GB,120GB,960GB,Phison S11,"Single-core, 2-ch, 8-CE/ch",No,N/A,SanDisk/Kioxia,TLC,64,530,480,Entry-Level SATA,,,185,4.6,3622,No,https://amazon.com/dp/B07SD5M87M
Team,GX2,SATA/AHCI,2.5,128GB-2TB,128GB,2TB,SMI SM2258XT,"Single-core, 4-ch, 4-CE/ch",No,N/A,Micron,TLC,64,550,500,Entry-Level SATA,28.99,109.99,6,4.1,3177,No,https://amzn.to/3yFSsJI
Team,L3 EVO,SATA/AHCI,2.5,120GB-960GB,120GB,960GB,Phison S11,"Single-core, 2-ch, 8-CE/ch",No,N/A,Kioxia,TLC,64,530,400,Entry-Level SATA,,,37,4.4,2639,No,https://amazon.com/dp/B0191W5QXS
Team,L5 Lite (2D),SATA/AHCI,2.5,60GB-1TB,60GB,1TB,SMI SM2256S,"Single-core, 4-ch, 8-CE/ch",No,N/A,Micron,TLC,64,530,480,Entry-Level SATA,,,1,5,3400,No,https://amazon.com/dp/B06WRSL629
Team,L5 Lite 3D,SATA/AHCI,2.5,120GB-1TB,120GB,1TB,SMI SM2258,"Single-core, 4-ch, 8-CE/ch",Yes,N/A,Varies,TLC,32/64,500,480,Mid-Range SATA,,,10,3.9,4107,No,https://amazon.com/dp/B075JMJVZB
Team,MP32,x2 PCIe 3.0/NVMe,M.2,128GB-1TB,128GB,1TB,Phison E8,"Dual-core, 4-ch, 8-CE/ch",Yes,No,Kioxia,TLC,64,1550,950,Entry-Level NVMe,,,Unavailable,Unavailable,8010,No,https://amazon.com/dp/B07SMBQMNG
Team,MP33,x4 PCIe 3.0/NVMe,M.2,256GB-2TB,256GB,2TB,Phison E13T,"Single-core, 4-ch, 8-CE/ch",No,Yes,Kioxia,TLC,64/96,1800,1500,Entry-Level NVMe,24.77,87.55,4709,4.6,15751,No,https://amzn.to/3XIYg0F
Team,MP33 Pro,x4 PCIe 3.0/NVMe,M.2,512GB-2TB,512GB,2TB,SMI SM2263XT,"Dual-core, 4-ch, 4-CE/ch",No,Yes,Micron,TLC,96,2100,1700,Entry-Level NVMe,33.48,87.09,4718,4.6,18635,No,https://amazon.com/dp/B08GM8N3DB
Team,MP33Q,x4 PCIe 3.0/NVMe,M.2,512GB-2TB,512GB,2TB,SMI SM2263XT,"Dual-core, 4-ch, 4-CE/ch",No,Yes,Intel,QLC,96,2500,2100,Entry-Level NVMe,,,Unavailable,Unavailable,Unavailable,Unavailable,Unavailable
Team,MP34,x4 PCIe 3.0/NVMe,M.2,256GB-4TB,256GB,4TB,Phison E12S,"Dual R5 + CoX, 8-ch, 4-CE/ch",Yes,No,Kioxia,TLC,64,3500,2900,Mid-Range NVMe,24.77,258.69,4709,4.6,25062,Yes,https://amzn.to/3FortG4
Team,MP34Q,x4 PCIe 3.0/NVMe,M.2,2TB-8TB,2TB,8TB,Phison E12S,"Dual R5 + CoX, 8-ch, 4-CE/ch",Yes,N/A,Intel,QLC,96,3400,3000,Mid-Range NVMe,,,1,5,Unavailable,No,https://amazon.com/dp/B099MLGJ6N
Team,MP44,x4 PCIe 4.0/NVMe,M.2,512GB-8TB,512GB,8TB,Phison E18,"Triple R5 + CoX, 8-ch, 4-CE/ch",Yes,N/A,Kioxia,TLC,112,7400,900,High-End NVMe,31.32,795.82,4709,4.6,47117,Yes,https://amzn.to/3LZoUxN
Team,MP44L,x4 PCIe 4.0/NVMe,M.2,250GB-2TB,250GB,2TB,Phison E21T,"Single R5, 4-ch, 4-CE/ch",No,Yes,Micron,TLC,176,5000,4500,Mid-Range NVMe,28.99,92.95,4709,4.6,29364,No,https://amzn.to/3l43m8Q
Team,MS30,SATA/AHCI,M.2,256GB-1TB,256GB,1TB,SMI SM2258XT,"Single-core, 4-ch, 4-CE/ch",No,N/A,Micron,TLC,64,530,480,Entry-Level SATA,22.19,74.42,2800,4.6,Unavailable,No,https://amzn.to/3Fpyre9
Team,QX,SATA/AHCI,2.5,512GB-4TB,512GB,4TB,Phison E12DC,"Dual R5 + CoX, 8-ch, 4-CE/ch",Yes,No,Micron,TLC,64,560,500,Entry-Level SATA,,151.83,8551,4.6,Unavailable,No,https://amazon.com/dp/B0C3M4TR4B
Team,T-Create Classic (NVMe),x4 PCIe 3.0/NVMe,M.2,1TB-2TB,1TB,2TB,Realtek RTS5763DL,"Dual-core, 4-ch, 8-CE/ch",No,Yes,Kioxia,TLC,96,2100,1700,Entry-Level NVMe,49.55,103.86,1017,4.6,Unavailable,No,https://amazon.com/dp/B08VVTP662
Team,T-Create Classic (NVMe 2),x4 PCIe 4.0/NVMe,M.2,1TB-2TB,1TB,2TB,Phison E16,"Dual R5 + CoX, 8-ch, 4-CE/ch",Yes,N/A,Kioxia,TLC,96,5000,4400,Mid-Range NVMe,,,Unavailable,Unavailable,Unavailable,Unavailable,Unavailable
Team,T-Create Expert,x4 PCIe 3.0/NVMe,M.2,1TB-2TB,1TB,2TB,SMI SM2262EN,"Dual-core, 8-ch, 4-CE/ch",Yes,N/A,Micron,TLC,64,3400,3000,High-End NVMe,,,Unavailable,Unavailable,Unavailable,Unavailable,Unavailable
Team,Vulcan,SATA/AHCI,2.5,250GB-1TB,250GB,1TB,SMI SM2258,"Single-core, 4-ch, 8-CE/ch",Yes,N/A,Micron,TLC,64,560,510,High-End SATA,,,Unavailable,Unavailable,Unavailable,Unavailable,Unavailable
Team,Vulcan G,SATA/AHCI,2.5,512GB-1TB,512GB,1TB,SMI SM2258XT,"Single-core, 4-ch, 4-CE/ch",No,N/A,Kioxia,TLC,64+,550,500,Entry-Level SATA,,,Unavailable,Unavailable,Unavailable,Unavailable,Unavailable
Team,Vulcan Z,SATA/AHCI,2.5,240GB-2TB,240GB,2TB,SMI SM2259XT,"Single-core, 4-ch, 4-CE/ch",No,N/A,Kioxia,TLC,64,550,500,Entry-Level SATA,24.14,77.54,3346,4.7,Unavailable,Yes,https://amzn.to/3yChitF
Team,Z330,x4 PCIe 3.0/NVMe,M.2,256GB-1TB,256GB,1TB,Phison E13T,"Single-core, 4-ch, 8-CE/ch",No,Yes,Kioxia,TLC,64/96,2100,1700,Entry-Level NVMe,,86.48,1017,4.6,Unavailable,No,https://amzn.to/43k0zbM
Team,Z340,x4 PCIe 3.0/NVMe,M.2,256GB-1TB,256GB,1TB,SMI SM2262EN,"Dual-core, 8-ch, 4-CE/ch",Yes,No,Micron,TLC,64/97,3400,3000,Mid-Range NVMe,,274,82,4.8,Unavailable,No,https://amazon.com/dp/B089M7WQ1S
Team,Z44L,x4 PCIe 4.0/NVMe,M.2,250GB-1TB,250GB,1TB,Phison E19T,"Single R5 + CoX, 4-ch, 8-CE/ch",No,Yes,SanDisk,TLC,96,3500,3000,Entry-Level NVMe,33.38,54.98,996,4.7,Unavailable,No,https://amazon.com/dp/B09FL49KPW
Team,Z44Q,x4 PCIe 4.0/NVMe,M.2,2TB-4TB,2TB,4TB,Phison E16,"Dual R5 + CoX, 8-ch, 4-CE/ch",Yes,No,Intel,QLC,96,5000,3700,Mid-Range NVMe,84.99,180.83,996,4.7,Unavailable,No,https://amazon.com/dp/B09FL49KPW
Team,Z540,x4 PCIe 5.0/NVMe,M.2,1TB-2TB,1TB,2TB,Phison E26,"Dual DC R5 + 3xCoX, 8-ch, 4-CE/ch",Yes,N/A,Micron,TLC,232,12000,10000,High-End NVMe,149.99,259.99,996,4.7,Unavailable,No,https://amazon.com/dp/B09FL49KPW
Toshiba Kioxia,RC500,x4 PCIe 3.0/NVMe,M.2,250GB-500GB,250GB,500GB,Phison E12S,"Dual R5 + CoX, 8x4",Yes,N/A,Kioxia,TLC,96,1700,1600,Entry-Level NVMe,,,Unavailable,Unavailable,Unavailable,Unavailable,Unavailable
Toshiba Kioxia,RD500,x4 PCIe 3.0/NVMe,M.2,500GB-2TB,500GB,2TB,Phison E12S,"Dual R5 + CoX, 8x4",Yes,N/A,Kioxia,TLC,96,3400,3200,Mid-Range NVMe,,,Unavailable,Unavailable,Unavailable,Unavailable,Unavailable
Toshiba Kioxia,TR200,SATA/AHCI,2.5,240GB-960GB,240GB,960GB,Phison S11,"Single-core, 2-ch, 8-CE/ch",No,N/A,Kioxia,TLC,64,555,540,Entry-Level SATA,,,172,4.5,Unavailable,No,https://amazon.com/dp/B076DWV18J
Transcend,SSD 110S,x4 PCIe 3.0/NVMe,M.2,128GB-512GB,128GB,512GB,SMI SM2263XT,"Dual-core, 4-ch, 4-CE/ch",No,Yes,Micron,TLC,64,1700,1500,Entry-Level NVMe,30.03,43.11,1849,4.6,10576,Yes,https://amazon.com/dp/B07CXZ9D7T
Transcend,SSD 220S,x4 PCIe 3.0/NVMe,M.2,120GB-960GB,120GB,960GB,SMI SM2262EN,"Dual-core, 8-ch, 4-CE/ch",Yes,No,Micron,TLC,64,3300,2800,Mid-Range NVMe,23.16,122.92,3030,4.6,18657,Yes,https://amzn.to/3mIalVi
Transcend,SSD230S,SATA/AHCI,2.5,128GB-2TB,128GB,2TB,SMI SM2258,"Single-core, 4-ch, 8-CE/ch",Yes,N/A,Micron,TLC,32/64,560,520,Mid-Range SATA,29.99,131.97,937,4.6,4299,No,https://amzn.to/3YNRkhx
Transcend,SSD 240S,x4 PCIe 4.0/NVMe,M.2,500GB-1TB,500GB,1TB,SMI SM2267,"DC (28nm R5), 4-ch, 8-CE/ch",Yes,No,Micron,TLC,96,3800,3200,Mid-Range NVMe,58.15,,4,4.1,Unavailable,No,https://amazon.com/dp/B08Z384CMK
Transcend,SSD 250S/MTE250S/250H,x4 PCIe 4.0/NVMe,M.2,1TB-4TB,1TB,4TB,SMI SM2264,"QC (12nm R8), 8-ch, 8-CE/ch",Yes,N/A,Kioxia,TLC,112,7500,6700,High-End NVMe,94.99,319.99,21,4.7,49945,No,https://amzn.to/3ZEtIxX
Transcend,SSD250N,SATA/AHCI,2.5,1TB-2TB,1TB,2TB,SMI SM2268,"DC (28nm R5), 4-ch, 8-CE/ch",Yes,N/A,Micron,TLC,96,560,480,Entry-Level SATA,133.95,286.68,Unavailable,Unavailable,Unavailable,No,https://amazon.com/dp/B08ZQKWP3M
Transcend,SSD420S/820S,SATA/AHCI,M.2,120GB-960GB,120GB,960GB,SMI SM2258XT,"Single-core, 4-ch, 4-CE/ch",No,N/A,Micron,TLC,64,550,500,Entry-Level SATA,,,246,4.4,3203,No,https://amazon.com/dp/B0778Q7X9B
Transcend,SSD430S/830S,SATA/AHCI,M.2,128GB-1TB,128GB,1TB,SMI SM2258,"Single-core, 4-ch, 8-CE/ch",Yes,N/A,Micron,TLC,64,560,500,Mid-Range SATA,29.67,65.45,184,4.5,Unavailable,Yes,https://amazon.com/dp/B07KG2985M
Verbatim,Vi3000,x4 PCIe 3.0/NVMe,M.2,256GB-1TB,256GB,1TB,Phison E13T,"Single-core, 4-ch, 8-CE/ch",No,Yes,Kioxia,TLC,96,3100,2900,Entry-Level NVMe,29.96,52.76,13,4.5,Unavailable,No,https://amazon.com/dp/B08SCTCB81
WD,Black (later SN750),x4 PCIe 3.0/NVMe,M.2,250GB-2TB,250GB,2TB,WD Proprietary,"Tri-core, 8-ch, 8-CE/ch",Yes,No,SanDisk,TLC,64,3470,3000,Mid-Range NVMe,,,Unavailable,Unavailable,Unavailable,Unavailable,Unavailable
WD,Blue (2D),SATA/AHCI,2.5 & M.2,250GB-1TB,250GB,1TB,Marvell 88SS1074,"Dual-core, 4-ch, 8-CE/ch",Yes,N/A,SanDisk,TLC,64,545,525,Entry-Level SATA,,,Unavailable,Unavailable,16283,Unavailable,Unavailable
WD,Blue 3D,SATA/AHCI,2.5 & M.2 ,250GB-4TB,250GB,4TB,Marvell 88SS1074,"Dual-core, 4-ch, 8-CE/ch",Yes,N/A,SanDisk,TLC,64,560,530,High-End SATA,39.99,243.19,68953,4.7,17221,No,https://amzn.to/423zPg8
WD,Green,SATA/AHCI,2.5 & M.2 ,120GB-1TB,120GB,1TB,SMI SM2258XT,"Single-core, 4-ch, 4-CE/ch",No,N/A,SanDisk,TLC,96,545,480,Entry-Level SATA,,,Unavailable,Unavailable,22444,Unavailable,Unavailable
WD,SA500/Red,SATA/AHCI,2.5 & M.2,500GB-4TB,500GB,4TB,Marvell 88SS1074,"Dual-core, 4-ch, 8-CE/ch",Yes,N/A,SanDisk,TLC,64,560,530,High-End SATA,,,Unavailable,Unavailable,23985,Unavailable,Unavailable
WD,SA510/Blue,SATA/AHCI,2.5 & M.2,250GB-2TB,250GB,2TB,SanDisk A101,"Single-core, 2-ch, 8-CE/ch",No,N/A,SanDisk,TLC,112,560,520,Entry-Level SATA,34.99,109.99,25250,4.8,3842,No,https://amzn.to/3JTaGO4
WD,SN500,x2 PCIe 3.0/NVMe,M.2,250GB-500GB,250GB,500GB,WD Proprietary,"Tri-core, 4-ch, 8-CE/ch",No,No,SanDisk,TLC,64,1700,1450,Entry-Level NVMe,35.98,62.79,1095,4.7,Unavailable,No,https://amazon.com/dp/B07PC59ZDV
WD,SN350,x4 PCIe 3.0/NVMe,M.2,240GB-2TB,240GB,2TB,WD Proprietary,"Tri-core, 4-ch, 8-CE/ch",No,Yes,SanDisk,TLC,96,2400,1900,Entry-Level NVMe,39.99,100,7848,4.7,29866,Yes,https://amazon.com/dp/B09DVQQL9G
WD,SN550,x4 PCIe 3.0/NVMe,M.2,250GB-2TB,250GB,2TB,WD Proprietary,"Tri-core, 4-ch, 8-CE/ch",No,Yes,SanDisk,TLC,96,2400,1950,Entry-Level NVMe,30.79,190.99,39195,4.8,18125,No,https://amazon.com/dp/B07YFFX5MD
WD,SN570,x4 PCIe 3.0/NVMe,M.2,250GB-2TB,250GB,2TB,WD Proprietary,"R5, 4x4",No,Yes,SanDisk,TLC,112,3500,3000,Entry-Level NVMe,29.69,108.06,13933,4.8,25932,Yes,https://amzn.to/402Hyt9
WD,SN580,x4 PCIe 4.0/NVMe,M.2,250GB-2TB,250GB,2TB,WD Proprietary,"R5, 4x4",No,Yes,SanDisk,TLC,112,4150,4150,Entry-Level NVMe,34.99,114.99,82,4.5,33886,No,https://amzn.to/3PtpRiF
WD,SN750,x4 PCIe 3.0/NVMe,M.2,500GB-4TB,500GB,4TB,WD Proprietary,"Tri-core, 8-ch, 8-CE/ch",Yes,No,SanDisk,TLC,64,3470,3000,Mid-Range NVMe,33.18,546.06,31949,4.8,18832,No,https://amazon.com/dp/B08QZ879V5
WD,SN750 SE,x4 PCIe 4.0/NVMe,M.2,250GB-1TB,250GB,1TB,Phison E19T,"Single R5 + CoX, 4-ch, 8-CE/ch",No,Yes,SanDisk,TLC,96,3600,2830,Entry-Level NVMe,63.79,128.99,2909,4.8,27151,No,https://amzn.to/3ys6Chh
WD,SN770,x4 PCIe 4.0/NVMe,M.2,250GB-2TB,250GB,2TB,WD Proprietary,"R5, 4x4",No,Yes,SanDisk,TLC,112,5150,4900,Mid-Range NVMe,34.99,119.99,11009,4.8,40501,No,https://amzn.to/3ypJznd
WD,SN850,x4 PCIe 4.0/NVMe,M.2,1TB-2TB,1TB,2TB,WD Proprietary,"Tri-core, 4-ch, 8-CE/ch",Yes,No,SanDisk,TLC,112,7000,5300,High-End NVMe,99.5,134.99,6893,4.8,42329,Yes,https://amzn.to/3JuyWFW
WD,SN850X,x4 PCIe 4.0/NVMe,M.2,1TB-4TB,1TB,4TB,WD Proprietary,"Tri-core, 4-ch, 8-CE/ch",Yes,N/A,SanDisk,TLC,112,7300,,High-End NVMe,84.99,329.99,12245,4.8,53337,No,https://amzn.to/3kU7vw8
WD,SN850P,x4 PCIe 4.0/NVMe,M.2,1TB-4TB,1TB,4TB,WD Proprietary,"Tri-core, 4-ch, 8-CE/ch",Yes,N/A,SanDisk,TLC,112,7300,,High-End NVMe,119.99,371.89,6893,4.8,Unavailable,Yes,https://amzn.to/46nmqRs
Zadak,Spark,x4 PCIe 3.0/NVMe,M.2,512GB-2TB,512GB,2TB,Phison E12S,"Dual R5 + CoX, 8-ch, 4-CE/ch",Yes,No,Kioxia,TLC,176,3400,3000,Mid-Range NVMe,,,Unavailable,Unavailable,Unavailable,Unavailable,Unavailable
Zadak,TWSG4S,x4 PCIe 4.0/NVMe,M.2,512GB-2TB,512GB,2TB,Phison E18,"Triple R5 + CoX, 8-ch, 4-CE/ch",Yes,N/A,Micron,TLC,176,7400,7000,High-End NVMe,,,Unavailable,Unavailable,Unavailable,Unavailable,Unavailable
Zadak,TWSG5,x4 PCIe 5.0/NVMe,M.2,512GB-2TB,512GB,2TB,Phison E26,"Dual DC R5 + 3xCoX, 8-ch, 4-CE/ch",Yes,N/A,Micron,TLC,176,13000,12000,High-End NVMe,,,Unavailable,Unavailable,Unavailable,Unavailable,Unavailable
